,nom_mun,qtd_dom,qtd_dom_E1,qtd_dom_E2,qtd_dom_T1,qtd_0a11,qtd_0a11_pob_vul
2243,Abadia dos Dourados,2340,22,63,42,1061,482
2244,Abaeté,7862,40,154,76,3664,1273
2245,Abre Campo,4102,120,237,103,2357,1488
2246,Acaiaca,1264,32,44,6,652,249
2247,Açucena,3061,146,204,140,1973,1509
2248,Água Boa,4203,362,450,267,3504,2631
2249,Água Comprida,725,4,19,7,285,109
2250,Aguanil,1367,29,28,24,644,297
2251,Águas Formosas,5357,207,332,183,3734,2239
2252,Águas Vermelhas,3474,240,260,16,2625,1849
2253,Aimorés,8369,138,228,69,4166,1538
2254,Aiuruoca,2107,67,122,30,911,558
2255,Alagoa,875,18,63,4,401,228
2256,Albertina,913,11,51,53,472,245
2257,Além Paraíba,11295,126,307,150,5594,1898
2258,Alfenas,23560,210,210,56,12041,2770
2259,Alfredo Vasconcelos,1781,32,53,14,1093,462
2260,Almenara,11750,302,678,240,7237,4024
2261,Alpercata,2255,45,102,7,1433,736
2262,Alpinópolis,5732,105,95,87,3092,964
2263,Alterosa,4602,94,69,76,2293,792
2264,Alto Caparaó,1761,60,88,63,934,398
2265,Alto Rio Doce,3675,130,202,103,1890,1317
2266,Alvarenga,1411,43,106,15,759,447
2267,Alvinópolis,4689,95,186,20,2478,1025
2268,Alvorada de Minas,969,58,113,38,922,805
2269,Amparo do Serra,1480,53,98,36,856,593
2270,Andradas,12332,192,209,232,5771,1917
2271,Cachoeira de Pajeú,2559,95,245,57,1889,1552
2272,Andrelândia,4043,47,68,26,1904,631
2273,Angelândia,2114,73,248,153,2036,1483
2274,Antônio Carlos,3477,65,127,15,1756,720
2275,Antônio Dias,2886,97,177,37,1810,1111
2276,Antônio Prado de Minas,556,7,29,4,221,97
2277,Araçaí,719,6,13,4,383,176
2278,Aracitaba,701,8,27,0,287,106
2279,Araçuaí,10178,478,619,270,6888,4466
2280,Araguari,35874,334,318,259,17330,3729
2281,Arantina,932,2,14,3,490,59
2282,Araponga,2385,179,207,108,1582,1300
2283,Araporã,1796,1,9,0,1157,154
2284,Arapuá,995,11,17,17,366,64
2285,Araújos,2484,46,29,45,1472,324
2286,Araxá,29694,190,236,97,15013,1993
2287,Arceburgo,2916,23,68,30,1562,417
2288,Arcos,11755,94,60,31,5363,639
2289,Areado,4545,42,53,29,2260,564
2290,Argirita,938,22,28,8,442,166
2291,Aricanduva,1309,72,116,89,1104,864
2292,Arinos,5261,190,336,216,3979,2642
2293,Astolfo Dutra,4131,89,75,53,2018,760
2294,Ataléia,4420,153,363,179,2810,2012
2295,Augusto de Lima,1520,48,68,33,952,698
2296,Baependi,5759,129,190,86,2973,1289
2297,Baldim,2575,52,62,36,1390,722
2298,Bambuí,8152,77,87,35,2996,694
2299,Bandeira,1520,19,119,40,887,640
2300,Bandeira do Sul,1719,28,26,11,838,174
2301,Barão de Cocais,8514,33,254,59,5207,1247
2302,Barão de Monte Alto,1773,19,55,19,898,323
2303,Barbacena,40590,276,661,181,19571,4681
2304,Barra Longa,1946,62,62,29,966,719
2305,Barroso,6151,41,88,16,3356,699
2306,Bela Vista de Minas,2890,32,78,30,1879,602
2307,Belmiro Braga,1089,4,80,14,611,341
2308,Belo Horizonte,768685,3153,5539,1968,347804,44869
2309,Belo Oriente,6794,93,224,92,4757,1774
2310,Belo Vale,2474,67,137,32,1153,673
2311,Berilo,3305,118,326,64,2368,1742
2312,Bertópolis,1277,85,87,51,997,757
2313,Berizal,1252,56,97,12,883,667
2314,Betim,113785,1089,1848,499,72464,14798
2315,Bias Fortes,1209,18,44,35,590,333
2316,Bicas,4656,33,68,4,2085,510
2317,Biquinhas,978,25,37,8,352,226
2318,Boa Esperança,11728,111,260,95,6768,2101
2319,Bocaina de Minas,1791,31,95,43,769,485
2320,Bocaiúva,13585,326,412,141,9198,4307
2321,Bom Despacho,14653,115,124,53,7773,1420
2322,Bom Jardim de Minas,2249,12,79,25,1029,339
2323,Bom Jesus da Penha,1359,17,8,19,588,241
2324,Bom Jesus do Amparo,1591,40,69,17,952,500
2325,Bom Jesus do Galho,4868,182,165,106,2641,1519
2326,Bom Repouso,3258,108,131,118,1787,1014
2327,Bom Sucesso,5483,64,156,36,2731,916
2328,Bonfim,2474,39,136,41,868,521
2329,Bonfinópolis de Minas,1912,49,56,30,1079,409
2330,Bonito de Minas,2287,252,285,159,2291,2009
2331,Borda da Mata,5590,85,81,54,2596,728
2332,Botelhos,5039,73,83,47,2386,843
2333,Botumirim,1743,110,154,60,1437,1136
2334,Brasilândia de Minas,4081,114,223,107,3269,1865
2335,Brasília de Minas,8605,418,373,158,5979,3709
2336,Brás Pires,1492,51,50,18,795,522
2337,Braúnas,1429,42,116,48,849,599
2338,Brazópolis,4782,76,172,59,2384,942
2339,Brumadinho,10726,143,294,138,5628,1955
2340,Bueno Brandão,3651,90,84,86,1644,896
2341,Buenópolis,3131,115,204,70,1741,1017
2342,Bugre,1241,37,49,11,717,543
2343,Buritis,7023,230,519,210,4986,3019
2344,Buritizeiro,7544,335,521,133,6101,3814
2345,Cabeceira Grande,2148,71,112,67,1380,835
2346,Cabo Verde,4347,145,90,55,2248,1064
2347,Cachoeira da Prata,1116,5,7,6,526,70
2348,Cachoeira de Minas,3476,68,38,40,1942,770
2349,Cachoeira Dourada,786,0,0,0,437,46
2350,Caetanópolis,3216,72,76,22,1521,596
2351,Caeté,12091,141,243,46,7179,2532
2352,Caiana,1576,49,64,41,957,646
2353,Cajuri,1202,44,58,22,649,340
2354,Caldas,4784,103,131,83,2056,1044
2355,Camacho,989,24,31,5,534,284
2356,Camanducaia,7061,252,134,166,3780,1465
2357,Cambuí,9133,85,88,44,3947,864
2358,Cambuquira,4109,60,150,45,2080,887
2359,Campanário,1039,38,78,22,700,414
2360,Campanha,4844,113,181,79,2686,1259
2361,Campestre,6819,265,237,298,3295,1656
2362,Campina Verde,6791,168,80,105,2956,1077
2363,Campo Azul,1026,27,57,55,768,628
2364,Campo Belo,17427,166,209,99,8058,1758
2365,Campo do Meio,3613,52,71,35,1983,650
2366,Campo Florido,2206,37,84,43,1378,631
2367,Campos Altos,4379,89,134,67,2821,866
2368,Campos Gerais,8657,174,349,236,5229,2721
2369,Canaã,1454,38,43,23,709,473
2370,Canápolis,3722,30,63,11,1783,430
2371,Cana Verde,1849,14,41,15,899,281
2372,Candeias,5090,50,95,67,1945,903
2373,Cantagalo,1191,65,121,41,851,622
2374,Caparaó,1591,95,72,65,1101,789
2375,Capela Nova,1454,36,89,28,702,510
2376,Capelinha,10020,423,564,306,7836,4694
2377,Capetinga,2347,33,58,29,1275,436
2378,Capim Branco,2691,27,110,24,1541,704
2379,Capinópolis,5057,50,68,30,2640,606
2380,Capitão Andrade,1583,30,49,33,1017,561
2381,Capitão Enéas,3678,191,278,53,3205,2126
2382,Capitólio,2795,21,54,36,1235,411
2383,Caputira,2649,109,160,72,1836,1301
2384,Caraí,5871,364,661,265,5365,4249
2385,Caranaíba,909,19,79,11,547,335
2386,Carandaí,6888,85,123,99,3905,1262
2387,Carangola,11158,136,169,197,5382,1946
2388,Caratinga,27248,660,457,319,15173,5401
2389,Carbonita,3005,19,140,58,1751,812
2390,Careaçu,1996,20,42,6,1132,330
2391,Carlos Chagas,6308,203,312,101,3364,1434
2392,Carmésia,752,10,44,19,467,263
2393,Carmo da Cachoeira,3518,89,201,42,2275,1059
2394,Carmo da Mata,3537,77,56,24,1714,508
2395,Carmo de Minas,3957,66,163,32,2709,1194
2396,Carmo do Cajuru,6380,42,111,75,3325,685
2397,Carmo do Paranaíba,10138,154,207,130,4830,1267
2398,Carmo do Rio Claro,6653,88,27,82,3328,1185
2399,Carmópolis de Minas,5055,105,131,173,2833,943
2400,Carneirinho,3286,43,51,61,1535,595
2401,Carrancas,1233,22,36,17,656,288
2402,Carvalhópolis,1101,5,29,18,579,187
2403,Carvalhos,1537,56,69,13,622,379
2404,Casa Grande,615,20,21,6,377,228
2405,Cascalho Rico,1045,14,18,18,466,247
2406,Cássia,5809,89,123,78,2888,925
2407,Conceição da Barra de Minas,1215,40,22,7,643,316
2408,Cataguases,23334,165,418,43,10406,2424
2409,Catas Altas,1438,10,44,9,896,250
2410,Catas Altas da Noruega,910,30,94,34,609,470
2411,Catuji,1796,111,263,63,1642,1351
2412,Catuti,1488,48,73,68,1037,799
2413,Caxambu,7190,68,140,39,3337,841
2414,Cedro do Abaeté,445,8,12,9,197,111
2415,Central de Minas,2330,52,74,42,1149,457
2416,Centralina,3245,99,74,57,1667,856
2417,Chácara,965,7,39,1,427,222
2418,Chalé,1829,59,73,60,979,638
2419,Chapada do Norte,3705,180,516,81,3402,2787
2420,Chapada Gaúcha,2563,121,282,197,2695,2040
2421,Chiador,885,14,42,4,495,206
2422,Cipotânea,1840,127,114,71,1052,794
2423,Claraval,1445,45,48,31,830,385
2424,Claro dos Poções,2420,65,54,63,1327,772
2425,Cláudio,7835,91,165,69,4369,982
2426,Coimbra,2366,31,92,38,1198,606
2427,Coluna,2533,171,226,87,1924,1531
2428,Comendador Gomes,1002,15,12,34,562,301
2429,Comercinho,2399,89,204,121,1617,1290
2430,Conceição da Aparecida,3211,56,46,57,1778,972
2431,Conceição das Pedras,855,23,22,0,415,201
2432,Conceição das Alagoas,7181,53,236,47,4530,1385
2433,Conceição de Ipanema,1458,31,29,56,729,540
2434,Conceição do Mato Dentro,5122,145,396,132,3649,2419
2435,Conceição do Pará,1654,36,20,22,886,319
2436,Conceição do Rio Verde,4038,119,159,47,2448,998
2437,Conceição dos Ouros,3226,18,46,29,1893,508
2438,Cônego Marinho,1829,73,194,106,1448,1222
2439,Confins,1714,27,50,10,992,354
2440,Congonhal,3481,61,72,78,1550,468
2441,Congonhas,14143,63,310,37,8305,2008
2442,Congonhas do Norte,1449,91,117,17,979,737
2443,Conquista,2120,12,40,10,1094,283
2444,Conselheiro Lafaiete,35450,310,667,122,18375,3296
2445,Conselheiro Pena,7533,128,292,100,4016,1592
2446,Consolação,563,21,8,17,269,162
2447,Contagem,187429,1310,2115,588,100940,15460
2448,Coqueiral,2894,45,103,20,1606,729
2449,Coração de Jesus,7767,356,327,434,5022,3910
2450,Cordisburgo,2716,79,81,33,1322,873
2451,Cordislândia,1095,23,41,13,650,247
2452,Corinto,7429,129,290,29,4385,2067
2453,Coroaci,2997,124,179,78,1831,1321
2454,Coromandel,9761,135,245,117,4321,1708
2455,Coronel Fabriciano,31912,330,549,127,17752,4474
2456,Coronel Murta,2538,53,111,67,1690,1152
2457,Coronel Pacheco,927,11,42,6,436,200
2458,Coronel Xavier Chaves,996,17,59,9,529,257
2459,Córrego Danta,1216,13,23,2,512,247
2460,Córrego do Bom Jesus,1299,16,19,6,522,238
2461,Córrego Fundo,1818,30,37,10,958,389
2462,Córrego Novo,998,20,18,19,581,264
2463,Couto de Magalhães de Minas,1234,22,42,2,770,262
2464,Crisólita,1757,98,120,48,1356,943
2465,Cristais,3749,99,69,31,1947,647
2466,Cristália,1489,89,101,34,1606,1150
2467,Cristiano Otoni,1417,13,45,10,934,368
2468,Cristina,3131,65,98,66,1699,891
2469,Crucilândia,1614,27,63,45,748,332
2470,Cruzeiro da Fortaleza,1246,26,44,7,732,254
2471,Cruzília,4572,43,181,67,2364,760
2472,Cuparaque,1571,29,41,20,887,366
2473,Curral de Dentro,1961,79,171,27,1557,1049
2474,Curvelo,23067,295,760,181,13102,5107
2475,Datas,1408,60,113,53,997,517
2476,Delfim Moreira,2446,98,146,68,1331,778
2477,Delfinópolis,2250,45,40,21,1234,417
2478,Delta,2619,53,80,20,1753,440
2479,Descoberto,1596,37,40,12,767,238
2480,Desterro de Entre Rios,2363,44,72,29,1005,544
2481,Desterro do Melo,971,18,60,36,421,259
2482,Diamantina,13031,313,615,210,8285,3850
2483,Diogo de Vasconcelos,1182,53,95,28,701,540
2484,Dionísio,2660,20,50,11,1361,564
2485,Divinésia,1043,30,24,18,593,272
2486,Divino,6170,222,276,236,3870,2449
2487,Divino das Laranjeiras,1602,23,51,17,885,434
2488,Divinolândia de Minas,1929,80,129,68,1358,814
2489,Divinópolis,67413,367,502,227,32883,4424
2490,Divisa Alegre,1650,52,141,57,1433,951
2491,Divisa Nova,1788,47,33,25,1081,422
2492,Divisópolis,2423,115,279,33,1796,1311
2493,Dom Bosco,1247,17,43,42,752,489
2494,Dom Cavati,1713,31,24,21,886,356
2495,Dom Joaquim,1336,64,94,39,835,511
2496,Dom Silvério,1727,21,17,21,690,329
2497,Dom Viçoso,972,12,13,9,460,200
2498,Dona Euzébia,1896,48,83,55,992,402
2499,Dores de Campos,3027,68,71,57,1480,369
2500,Dores de Guanhães,1488,59,121,36,973,777
2501,Dores do Indaiá,5056,68,68,36,2072,526
2502,Dores do Turvo,1376,71,93,11,749,541
2503,Doresópolis,495,2,14,1,232,73
2504,Douradoquara,672,11,5,25,280,99
2505,Durandé,2192,151,101,178,1571,1181
2506,Elói Mendes,7784,166,216,156,4567,1635
2507,Engenheiro Caldas,3208,77,128,71,2093,942
2508,Engenheiro Navarro,2062,58,108,51,1391,918
2509,Entre Folhas,1649,59,54,26,905,491
2510,Entre Rios de Minas,4306,58,145,38,2190,935
2511,Ervália,5734,240,247,178,3165,2020
2512,Esmeraldas,17792,681,880,238,12679,6997
2513,Espera Feliz,7512,237,285,286,4250,2465
2514,Espinosa,8542,523,526,376,5808,4541
2515,Espírito Santo do Dourado,1453,44,20,39,603,322
2516,Estiva,3430,82,59,114,1657,749
2517,Estrela Dalva,827,2,40,10,381,193
2518,Estrela do Indaiá,1233,22,49,9,540,307
2519,Estrela do Sul,2476,40,63,30,1261,457
2520,Eugenópolis,3620,56,82,29,1636,617
2521,Ewbank da Câmara,1092,0,14,0,688,127
2522,Extrema,9160,71,138,21,4781,1025
2523,Fama,822,17,24,12,343,155
2524,Faria Lemos,1127,13,37,26,596,310
2525,Felício dos Santos,1494,53,195,69,1082,901
2526,São Gonçalo do Rio Preto,877,31,84,35,597,400
2527,Felisburgo,2053,67,182,59,1362,798
2528,Felixlândia,4561,90,268,71,2578,1594
2529,Fernandes Tourinho,983,28,44,4,549,283
2530,Ferros,3409,147,231,77,2001,1680
2531,Fervedouro,3121,113,230,67,2181,1588
2532,Florestal,2059,28,72,25,1091,405
2533,Formiga,21841,214,162,94,9219,1493
2534,Formoso,2250,102,158,103,1759,1301
2535,Fortaleza de Minas,1391,28,28,9,733,232
2536,Fortuna de Minas,822,9,18,14,469,236
2537,Francisco Badaró,2823,91,237,95,1711,1326
2538,Francisco Dumont,1506,88,83,16,1020,746
2539,Francisco Sá,7212,232,366,164,4855,3313
2540,Franciscópolis,1667,82,162,71,1253,846
2541,Frei Gaspar,1710,65,140,36,1260,875
2542,Frei Inocêncio,2733,45,165,39,1877,920
2543,Frei Lagonegro,904,60,122,8,659,560
2544,Fronteira,4673,64,59,79,2748,582
2545,Fronteira dos Vales,1407,58,65,28,973,631
2546,Fruta de Leite,1592,152,191,64,1467,1286
2547,Frutal,18219,180,272,105,8491,2414
2548,Funilândia,1203,34,50,3,749,370
2549,Galiléia,2292,63,64,41,1328,619
2550,Gameleiras,1485,54,97,35,936,782
2551,Glaucilândia,854,24,22,3,541,382
2552,Goiabeira,1058,19,26,9,579,241
2553,Goianá,1215,6,35,15,582,242
2554,Gonçalves,1383,16,37,27,690,385
2555,Gonzaga,1529,60,111,34,1186,775
2556,Gouveia,3377,71,138,30,1910,863
2557,Governador Valadares,83051,830,1509,418,47619,10978
2558,Grão Mogol,3930,256,421,184,3161,2403
2559,Grupiara,507,5,8,4,210,62
2560,Guanhães,9405,225,481,136,5645,2588
2561,Guapé,4461,51,97,46,2325,941
2562,Guaraciaba,2977,102,157,111,1552,1122
2563,Guaraciama,1440,27,23,40,839,453
2564,Guaranésia,6112,55,125,53,2940,773
2565,Guarani,2746,74,97,25,1332,618
2566,Guarará,1269,12,31,7,655,234
2567,Guarda-Mor,2098,55,75,23,1247,746
2568,Guaxupé,15800,177,273,81,7545,1632
2569,Guidoval,2318,41,54,51,1133,418
2570,Guimarânia,2261,35,73,39,1333,440
2571,Guiricema,2924,58,55,64,1244,756
2572,Gurinhatã,2243,57,53,65,924,539
2573,Heliodora,1986,34,41,6,1048,414
2574,Iapu,3297,83,89,43,1816,942
2575,Ibertioga,1551,31,49,18,852,449
2576,Ibiá,7747,89,110,33,4019,1071
2577,Ibiaí,2237,106,199,68,1680,1285
2578,Ibiracatu,1665,72,175,37,1284,999
2579,Ibiraci,3789,103,93,70,2309,819
2580,Ibirité,46400,548,905,248,32309,7539
2581,Ibitiúra de Minas,1168,59,13,16,539,227
2582,Ibituruna,886,2,21,2,524,131
2583,Icaraí de Minas,2559,210,244,190,2321,1868
2584,Igarapé,10491,169,372,69,6790,2650
2585,Igaratinga,2790,149,100,87,1711,573
2586,Iguatama,2748,29,71,29,1042,286
2587,Ijaci,1692,21,22,4,1065,252
2588,Ilicínea,3646,61,68,42,2067,576
2589,Imbé de Minas,1923,85,128,80,1283,1039
2590,Inconfidentes,2253,52,78,32,990,427
2591,Indaiabira,1944,125,196,73,1470,1209
2592,Indianópolis,1951,40,92,22,1190,635
2593,Ingaí,814,27,30,25,453,262
2594,Inhapim,7726,308,291,331,4374,2737
2595,Inhaúma,1656,45,78,22,1028,510
2596,Inimutaba,2056,59,85,19,1185,698
2597,Ipaba,5079,125,150,73,3546,1375
2598,Ipanema,6065,95,188,89,3087,1447
2599,Ipatinga,73726,574,663,198,40334,6223
2600,Ipiaçu,1420,8,17,5,628,128
2601,Ipuiúna,3069,83,50,79,1564,788
2602,Iraí de Minas,2016,63,63,32,1221,419
2603,Itabira,31930,254,608,241,18078,4523
2604,Itabirinha,3277,119,134,26,1981,1018
2605,Itabirito,13419,79,307,52,7655,1366
2606,Itacambira,1289,97,78,34,952,764
2607,Itacarambi,4384,259,428,103,4108,2930
2608,Itaguara,4055,66,62,68,1964,559
2609,Itaipé,3081,213,426,190,2914,2391
2610,Itajubá,28495,128,307,44,14321,2526
2611,Itamarandiba,9106,325,566,366,7284,4419
2612,Itamarati de Minas,1301,7,37,5,508,170
2613,Itambacuri,6625,219,539,226,4707,3049
2614,Itambé do Mato Dentro,694,15,30,5,350,244
2615,Itamogi,3465,66,71,42,1594,589
2616,Itamonte,4296,50,158,87,2324,1020
2617,Itanhandu,4410,51,57,19,2302,481
2618,Itanhomi,3826,125,114,54,2082,738
2619,Itaobim,6244,164,624,196,4106,2748
2620,Itapagipe,4578,69,123,69,1781,626
2621,Itapecerica,7030,119,114,89,3115,903
2622,Itapeva,2806,56,88,36,1444,730
2623,Itatiaiuçu,3078,55,188,35,1829,779
2624,Itaú de Minas,4803,15,16,9,2331,340
2625,Itaúna,27122,154,201,151,12943,1748
2626,Itaverava,1650,60,138,61,1093,837
2627,Itinga,3790,141,477,110,3156,2303
2628,Itueta,1860,24,61,35,985,479
2629,Ituiutaba,32707,172,305,262,14945,3242
2630,Itumirim,1862,28,30,10,994,401
2631,Iturama,11403,62,161,52,5877,1227
2632,Itutinga,1312,15,30,28,627,291
2633,Jaboticatubas,5482,131,361,85,2974,1928
2634,Jacinto,3795,90,157,56,2255,1363
2635,Jacuí,2540,40,72,54,1238,624
2636,Jacutinga,7217,112,71,77,3889,1028
2637,Jaguaraçu,906,11,19,6,504,172
2638,Jaíba,8991,482,665,344,7838,5337
2639,Jampruca,1505,28,122,44,1002,676
2640,Janaúba,18617,638,1212,450,13220,8132
2641,Januária,17603,867,1429,493,14474,10560
2642,Japaraíba,1202,24,35,33,753,210
2643,Japonvar,2315,91,120,93,1642,1204
2644,Jeceaba,1686,25,74,21,805,407
2645,Jenipapo de Minas,1761,73,238,38,1531,1170
2646,Jequeri,4088,186,235,83,2198,1449
2647,Jequitaí,2529,97,137,42,1383,989
2648,Jequitibá,1590,52,79,75,892,677
2649,Jequitinhonha,7238,298,666,248,4934,3565
2650,Jesuânia,1570,36,59,26,710,295
2651,Joaíma,4166,230,428,175,3364,2286
2652,Joanésia,1674,37,103,43,849,614
2653,João Monlevade,22292,147,166,0,11687,2191
2654,João Pinheiro,13836,469,483,335,8641,3224
2655,Joaquim Felício,1255,52,96,34,789,518
2656,Jordânia,3048,121,220,74,2053,1310
2657,José Gonçalves de Minas,1147,59,97,84,992,697
2658,José Raydan,1302,46,131,49,854,653
2659,Josenópolis,1209,109,85,57,1160,799
2660,Nova União,1680,16,75,46,986,506
2661,Juatuba,6895,62,336,42,4239,1522
2662,Juiz de Fora,172973,1297,2375,735,75207,13559
2663,Juramento,1204,30,49,48,787,443
2664,Juruaia,2847,138,99,174,1504,818
2665,Juvenília,1515,116,146,22,1289,991
2666,Ladainha,4306,357,536,192,4189,3704
2667,Lagamar,2690,25,51,38,1197,402
2668,Lagoa da Prata,14331,106,130,129,7882,1455
2669,Lagoa dos Patos,1195,51,115,35,860,637
2670,Lagoa Dourada,3287,83,137,43,2333,1152
2671,Lagoa Formosa,5672,75,71,119,2655,839
2672,Lagoa Grande,2827,74,49,59,1620,865
2673,Lagoa Santa,15875,328,358,114,9279,2968
2674,Lajinha,6180,212,264,134,3729,2401
2675,Lambari,6458,136,169,79,3341,1362
2676,Lamim,1068,16,75,20,620,462
2677,Laranjal,2093,33,53,7,912,280
2678,Lassance,1991,75,161,78,1331,978
2679,Lavras,29381,110,263,69,14335,2312
2680,Leandro Ferreira,1038,27,10,9,558,222
2681,Leme do Prado,1330,16,97,16,962,466
2682,Leopoldina,16675,133,419,47,8091,2664
2683,Liberdade,1727,18,57,22,784,361
2684,Lima Duarte,5477,50,166,32,2570,883
2685,Limeira do Oeste,2351,16,54,11,1127,491
2686,Lontra,2335,109,152,61,1663,1159
2687,Luisburgo,1898,116,72,123,1282,1029
2688,Luislândia,1700,92,110,53,1444,1173
2689,Luminárias,1792,28,43,7,941,342
2690,Luz,5919,74,120,20,2737,770
2691,Machacalis,2185,82,91,16,1402,696
2692,Machado,11662,302,194,120,6990,2596
2693,Madre de Deus de Minas,1527,27,25,6,767,300
2694,Malacacheta,5522,260,404,142,3765,2546
2695,Mamonas,1982,53,56,59,962,680
2696,Manga,5191,244,621,92,4639,3729
2697,Manhuaçu,24386,532,692,516,16054,6322
2698,Manhumirim,6917,144,227,130,4078,1868
2699,Mantena,9155,224,227,108,4698,1514
2700,Maravilhas,2061,57,93,35,1317,511
2701,Mar de Espanha,3943,74,90,48,1786,533
2702,Maria da Fé,4014,61,104,28,2549,1129
2703,Mariana,16127,145,576,115,9390,2895
2704,Marilac,1312,32,67,8,866,390
2705,Mário Campos,3875,62,148,59,2649,1141
2706,Maripá de Minas,891,21,9,7,429,167
2707,Marliéria,1257,18,66,12,741,304
2708,Marmelópolis,911,15,27,27,474,243
2709,Martinho Campos,4154,104,141,17,2155,1089
2710,Martins Soares,2208,84,83,72,1479,1048
2711,Mata Verde,2240,98,171,26,1642,798
2712,Materlândia,1286,45,122,10,957,706
2713,Mateus Leme,8600,149,380,78,5133,2111
2714,Matias Barbosa,4281,42,129,37,2194,526
2715,Matias Cardoso,2504,153,331,102,2527,2044
2716,Matipó,5079,125,293,113,3829,2015
2717,Mato Verde,4002,103,130,121,2111,1477
2718,Matozinhos,9963,147,234,38,5977,1642
2719,Matutina,1403,21,30,11,545,173
2720,Medeiros,1134,16,22,13,607,309
2721,Medina,6156,140,472,122,4220,2310
2722,Mendes Pimentel,2083,57,73,37,1080,657
2723,Mercês,3331,92,76,52,1698,873
2724,Mesquita,1811,52,60,34,1005,585
2725,Minas Novas,7582,471,877,441,6679,5471
2726,Minduri,1147,28,69,23,653,291
2727,Mirabela,3771,137,174,94,2549,1863
2728,Miradouro,3331,55,171,106,1787,913
2729,Miraí,4209,52,117,67,2310,881
2730,Miravânia,1189,68,131,57,1052,865
2731,Moeda,1485,22,91,14,781,459
2732,Moema,2287,50,21,40,1219,366
2733,Monjolos,690,28,50,3,458,325
2734,Monsenhor Paulo,2547,53,46,22,1406,442
2735,Montalvânia,4420,162,352,92,3268,2448
2736,Monte Alegre de Minas,6861,106,211,103,3154,1216
2737,Monte Azul,6983,193,314,224,3297,2278
2738,Monte Belo,4368,80,63,48,2037,849
2739,Monte Carmelo,15149,85,241,52,7889,1913
2740,Monte Formoso,1230,76,135,48,1297,1061
2741,Monte Santo de Minas,7245,108,183,55,3255,1199
2742,Montes Claros,105295,1091,1761,629,65779,17450
2743,Monte Sião,7060,124,153,161,3358,1095
2744,Montezuma,1897,101,187,102,1641,1173
2745,Morada Nova de Minas,2843,51,132,30,1433,747
2746,Morro da Garça,811,22,21,5,524,347
2747,Morro do Pilar,1069,62,61,18,602,353
2748,Munhoz,1954,73,63,24,1139,633
2749,Muriaé,33416,391,564,235,15566,3616
2750,Mutum,8572,409,343,400,4923,3390
2751,Muzambinho,6670,80,139,79,3136,1027
2752,Nacip Raydan,924,33,73,18,621,403
2753,Nanuque,13061,170,315,75,7599,2954
2754,Naque,1840,47,71,25,1225,501
2755,Natalândia,1064,18,48,24,681,303
2756,Natércia,1609,17,22,15,637,257
2757,Nazareno,2451,29,23,13,1416,497
2758,Nepomuceno,8031,184,232,123,4526,1965
2759,Ninheira,2592,137,362,109,1942,1629
2760,Nova Belém,1175,32,68,36,728,570
2761,Nova Era,5238,46,128,33,3038,986
2762,Nova Lima,24502,147,349,79,12551,1907
2763,Nova Módica,1174,21,67,16,718,483
2764,Nova Ponte,3986,49,123,50,2481,687
2765,Nova Porteirinha,2032,84,128,129,1491,1126
2766,Nova Resende,4975,266,103,194,2811,1697
2767,Nova Serrana,22100,396,310,316,14638,2969
2768,Novo Cruzeiro,7991,582,918,427,7551,6206
2769,Novo Oriente de Minas,3026,141,354,118,2099,1528
2770,Novorizonte,1420,52,57,26,1029,721
2771,Olaria,670,13,18,11,280,134
2772,Olhos-d'Água,1483,50,114,88,1160,793
2773,Olímpio Noronha,799,6,21,6,398,116
2774,Oliveira,12112,187,188,60,6456,1552
2775,Oliveira Fortes,671,21,19,6,335,204
2776,Onça de Pitangui,928,31,46,31,594,381
2777,Oratórios,1285,13,73,8,807,364
2778,Orizânia,2204,135,210,70,1488,1151
2779,Ouro Branco,10432,77,272,54,5906,1220
2780,Ouro Fino,10620,133,145,152,4771,1613
2781,Ouro Preto,20662,195,586,100,11658,3730
2782,Ouro Verde de Minas,1713,71,114,37,1231,820
2783,Padre Carvalho,1406,117,98,80,1457,1076
2784,Padre Paraíso,5016,258,471,170,4060,2723
2785,Paineiras,1688,33,73,29,648,379
2786,Pains,2677,26,31,46,1174,292
2787,Pai Pedro,1640,103,124,33,1218,957
2788,Paiva,525,9,9,7,188,73
2789,Palma,2067,26,77,3,953,431
2790,Palmópolis,2079,103,204,98,1328,963
2791,Papagaios,4090,163,247,75,2969,1590
2792,Paracatu,24042,542,500,207,17129,6177
2793,Pará de Minas,26023,156,273,101,13931,2051
2794,Paraguaçu,6389,77,110,24,3253,924
2795,Paraisópolis,6460,98,145,50,3181,810
2796,Paraopeba,6742,125,265,131,4125,1694
2797,Passabém,559,5,39,14,267,176
2798,Passa Quatro,4864,57,81,39,2606,853
2799,Passa Tempo,2750,32,84,17,1141,436
2800,Passa Vinte,702,6,50,14,325,163
2801,Passos,33750,327,356,190,17203,3053
2802,Patis,1526,95,103,40,1152,945
2803,Patos de Minas,45985,345,287,307,21734,3936
2804,Patrocínio,26022,391,449,261,15122,4517
2805,Patrocínio do Muriaé,1798,6,44,19,812,245
2806,Paula Cândido,2700,54,169,42,1583,876
2807,Paulistas,1347,59,124,73,1002,753
2808,Pavão,2501,115,141,63,1642,1055
2809,Peçanha,4942,265,368,123,3616,2641
2810,Pedra Azul,6646,216,471,102,5206,2705
2811,Pedra Bonita,1780,110,139,147,1561,1184
2812,Pedra do Anta,1083,14,45,20,512,275
2813,Pedra do Indaiá,1327,20,15,36,580,259
2814,Pedra Dourada,680,12,40,16,413,260
2815,Pedralva,3467,84,151,92,1990,1181
2816,Pedras de Maria da Cruz,2726,145,250,62,2207,1679
2817,Pedrinópolis,1137,14,38,13,626,198
2818,Pedro Leopoldo,17661,211,371,114,9870,3123
2819,Pedro Teixeira,586,7,29,7,301,165
2820,Pequeri,1088,9,40,8,516,167
2821,Pequi,1334,34,59,20,680,298
2822,Perdigão,2736,69,61,56,1657,423
2823,Perdizes,4514,112,120,58,2810,1042
2824,Perdões,6398,50,36,29,3132,661
2825,Periquito,2011,76,84,22,1516,651
2826,Pescador,1220,15,61,21,820,440
2827,Piau,939,18,50,19,407,196
2828,Piedade de Caratinga,2149,108,64,107,1533,1018
2829,Piedade de Ponte Nova,1175,7,28,4,776,303
2830,Piedade do Rio Grande,1616,6,44,26,726,328
2831,Piedade dos Gerais,1562,40,123,66,700,520
2832,Pimenta,2727,30,72,10,1301,420
2833,Pingo-d'Água,1303,19,28,3,908,269
2834,Pintópolis,1858,78,224,77,1767,1444
2835,Piracema,2150,42,65,27,967,446
2836,Pirajuba,1519,15,22,7,848,203
2837,Piranga,4623,248,437,91,3254,2662
2838,Piranguçu,1647,48,73,18,836,372
2839,Piranguinho,2435,33,106,27,1373,595
2840,Pirapetinga,3503,26,81,18,1567,484
2841,Pirapora,15461,198,609,106,10241,4798
2842,Piraúba,3502,88,96,52,1597,629
2843,Pitangui,7731,136,57,69,4612,1176
2844,Piumhi,10915,76,143,102,4777,1215
2845,Planura,3297,27,48,37,1935,302
2846,Poço Fundo,5176,153,112,94,2488,1277
2847,Poços de Caldas,50978,180,315,103,23246,2563
2848,Pocrane,3037,69,49,73,1404,724
2849,Pompéu,8659,205,350,188,5634,2389
2850,Ponte Nova,18388,266,465,99,9173,2848
2851,Ponto Chique,1105,47,115,46,881,672
2852,Ponto dos Volantes,3067,191,312,198,2747,2366
2853,Porteirinha,11102,493,378,372,6750,4682
2854,Porto Firme,2885,49,167,68,1616,1055
2855,Poté,4591,205,364,179,3306,2501
2856,Pouso Alegre,41273,380,506,217,21054,3873
2857,Pouso Alto,2051,26,89,19,863,393
2858,Prados,2646,80,67,25,1411,437
2859,Prata,8520,163,252,142,4692,1793
2860,Pratápolis,3108,33,42,9,1269,199
2861,Pratinha,1136,17,15,7,467,186
2862,Presidente Bernardes,1618,35,122,33,1003,742
2863,Presidente Juscelino,1177,49,63,42,677,467
2864,Presidente Kubitschek,765,15,46,12,668,281
2865,Presidente Olegário,6433,72,69,136,3051,1157
2866,Alto Jequitibá,2778,104,78,97,1465,966
2867,Prudente de Morais,2703,41,58,17,1715,641
2868,Quartel Geral,1129,27,49,5,624,317
2869,Queluzito,602,8,14,4,234,107
2870,Raposos,4379,59,50,11,2556,411
2871,Raul Soares,7810,109,279,166,3818,2206
2872,Recreio,3533,42,52,14,1521,464
2873,Reduto,1953,88,108,81,1357,789
2874,Resende Costa,3585,111,141,161,1649,868
2875,Resplendor,5880,94,216,46,2996,1499
2876,Ressaquinha,1474,26,58,14,763,422
2877,Riachinho,2408,85,164,93,1671,1198
2878,Riacho dos Machados,2313,142,213,146,1997,1612
2879,Ribeirão das Neves,89483,1328,1945,411,59422,18059
2880,Ribeirão Vermelho,1225,2,11,1,568,120
2881,Rio Acima,2635,55,91,15,1582,475
2882,Rio Casca,4387,91,217,61,2574,1244
2883,Rio Doce,778,7,25,13,365,144
2884,Rio do Prado,1553,45,130,27,1009,641
2885,Rio Espera,1842,53,100,73,1037,753
2886,Rio Manso,1698,33,86,40,774,475
2887,Rio Novo,2852,27,97,20,1395,672
2888,Rio Paranaíba,3946,60,86,76,2015,929
2889,Rio Pardo de Minas,7596,365,714,501,6157,4696
2890,Rio Piracicaba,4404,27,132,20,2313,850
2891,Rio Pomba,5546,76,103,72,2624,679
2892,Rio Preto,1794,21,87,10,861,416
2893,Rio Vermelho,3813,234,501,195,3070,2449
2894,Ritápolis,1691,23,70,3,680,333
2895,Rochedo de Minas,703,12,12,20,365,157
2896,Rodeiro,2092,31,20,7,1217,241
2897,Romaria,1150,11,15,4,626,243
2898,Rosário da Limeira,1433,23,85,30,691,402
2899,Rubelita,2238,101,131,47,1584,1224
2900,Rubim,3090,85,213,47,1803,1116
2901,Sabará,36693,329,604,183,23033,5458
2902,Sabinópolis,4700,153,336,141,3082,1786
2903,Sacramento,7768,106,85,72,4024,1208
2904,Salinas,11863,234,481,160,6993,3151
2905,Salto da Divisa,1984,58,146,10,1507,956
2906,Santa Bárbara,8043,132,137,56,5042,1585
2907,Santa Bárbara do Leste,2376,114,152,94,1450,968
2908,Santa Bárbara do Monte Verde,946,19,52,5,492,215
2909,Santa Bárbara do Tugúrio,1385,37,63,16,735,399
2910,Santa Cruz de Minas,2524,14,38,8,1386,253
2911,Santa Cruz de Salinas,1284,33,129,80,885,646
2912,Santa Cruz do Escalvado,1573,23,82,26,837,538
2913,Santa Efigênia de Minas,1327,79,62,33,964,655
2914,Santa Fé de Minas,1165,78,106,52,887,745
2915,Santa Helena de Minas,1616,99,138,70,1517,1053
2916,Santa Juliana,3469,55,71,27,2062,466
2917,Santa Luzia,59007,757,1114,197,39302,9834
2918,Santa Margarida,4331,285,238,143,3187,2249
2919,Santa Maria de Itabira,2924,78,138,38,1892,1083
2920,Santa Maria do Salto,1602,24,87,89,956,563
2921,Santa Maria do Suaçuí,4312,217,311,108,3041,1991
2922,Santana da Vargem,2205,39,70,26,1360,668
2923,Santana de Cataguases,1214,4,16,7,534,153
2924,Santana de Pirapama,2553,43,130,105,1322,933
2925,Santana do Deserto,1175,44,38,5,639,222
2926,Santana do Garambéu,667,5,22,14,363,153
2927,Santana do Jacaré,1543,18,29,10,738,297
2928,Santana do Manhuaçu,2571,169,125,158,1792,1262
2929,Santana do Paraíso,7925,242,276,102,5531,1748
2930,Santana do Riacho,1312,26,54,10,669,416
2931,Santana dos Montes,1152,33,62,30,665,381
2932,Santa Rita de Caldas,3159,59,41,33,1251,681
2933,Santa Rita de Jacutinga,1788,14,83,33,670,295
2934,Santa Rita de Minas,2062,66,73,29,1246,595
2935,Santa Rita de Ibitipoca,1098,11,65,13,644,308
2936,Santa Rita do Itueto,1788,86,80,65,1057,762
2937,Santa Rita do Sapucaí,11526,116,220,57,6658,1731
2938,Santa Rosa da Serra,1083,12,28,39,612,277
2939,Santa Vitória,6214,118,160,96,2924,964
2940,Santo Antônio do Amparo,5087,70,104,24,3206,816
2941,Santo Antônio do Aventureiro,1205,22,59,18,543,336
2942,Santo Antônio do Grama,1240,17,59,26,655,280
2943,Santo Antônio do Itambé,1075,65,202,87,984,832
2944,Santo Antônio do Jacinto,3590,164,339,165,2294,1659
2945,Santo Antônio do Monte,8529,177,57,155,4552,1075
2946,Santo Antônio do Retiro,1798,118,149,69,1560,1212
2947,Santo Antônio do Rio Abaixo,533,10,24,10,325,216
2948,Santo Hipólito,1052,41,49,8,577,399
2949,Santos Dumont,14802,156,306,35,7122,2041
2950,São Bento Abade,1316,11,31,31,983,209
2951,São Brás do Suaçuí,1104,41,31,4,485,297
2952,São Domingos das Dores,1562,60,55,11,1094,670
2953,São Domingos do Prata,5422,97,187,55,2731,1372
2954,São Félix de Minas,1059,43,37,24,626,403
2955,São Francisco,13633,878,1303,590,12481,9382
2956,São Francisco de Paula,1998,53,51,31,1067,365
2957,São Francisco de Sales,2077,43,43,12,974,366
2958,São Francisco do Glória,1619,67,48,42,870,487
2959,São Geraldo,3259,50,81,41,1700,643
2960,São Geraldo da Piedade,1243,58,56,61,883,605
2961,São Geraldo do Baixio,1148,27,41,20,691,338
2962,São Gonçalo do Abaeté,2018,32,82,2,1279,554
2963,São Gonçalo do Pará,3350,75,69,50,1751,596
2964,São Gonçalo do Rio Abaixo,2757,62,113,39,1774,736
2965,São Gonçalo do Sapucaí,7218,119,184,32,4174,1264
2966,São Gotardo,10091,139,136,86,5756,1348
2967,São João Batista do Glória,2310,18,23,13,1041,289
2968,São João da Lagoa,1446,53,109,38,864,620
2969,São João da Mata,906,33,44,5,372,187
2970,São João da Ponte,6635,373,1064,303,5076,4431
2971,São João das Missões,2548,294,605,190,3458,3229
2972,São João del Rei,27747,212,425,77,12368,2395
2973,São João do Manhuaçu,3052,142,184,163,2088,1289
2974,São João do Manteninha,1714,22,37,17,838,334
2975,São João do Oriente,2526,69,66,40,1284,497
2976,São João do Pacuí,1144,58,85,39,847,645
2977,São João do Paraíso,6043,314,589,387,4233,2946
2978,São João Evangelista,4604,168,347,107,2896,1730
2979,São João Nepomuceno,8410,111,189,85,3698,1180
2980,São Joaquim de Bicas,9059,245,399,120,4853,2206
2981,São José da Barra,2065,20,37,8,1168,367
2982,São José da Lapa,5703,59,115,46,3782,984
2983,São José da Safira,1164,58,98,34,925,587
2984,São José da Varginha,1307,26,46,39,803,383
2985,São José do Alegre,1271,19,15,18,675,209
2986,São José do Divino,1174,42,71,23,747,440
2987,São José do Goiabal,1745,20,53,15,949,372
2988,São José do Jacuri,1865,90,200,67,1300,1037
2989,São José do Mantimento,795,20,33,8,481,315
2990,São Lourenço,13919,52,157,35,6556,1349
2991,São Miguel do Anta,2065,61,131,66,1102,604
2992,São Pedro da União,1776,45,52,39,715,406
2993,São Pedro dos Ferros,2570,54,106,13,1529,627
2994,São Pedro do Suaçuí,1656,71,145,26,1009,716
2995,São Romão,2483,91,227,124,2341,1880
2996,São Roque de Minas,2326,35,55,55,1046,560
2997,São Sebastião da Bela Vista,1560,36,48,24,903,309
2998,São Sebastião da Vargem Alegre,933,20,6,8,449,255
2999,São Sebastião do Anta,1715,58,113,53,1296,861
3000,São Sebastião do Maranhão,2930,198,258,107,2430,2043
3001,São Sebastião do Oeste,1849,33,78,27,1007,493
3002,São Sebastião do Paraíso,21018,253,278,143,10711,2440
3003,São Sebastião do Rio Preto,518,10,43,17,276,192
3004,São Sebastião do Rio Verde,682,9,11,0,294,121
3005,São Tiago,3353,70,91,40,1776,630
3006,São Tomás de Aquino,2301,25,42,18,1293,547
3007,São Tomé das Letras,2172,47,84,82,1254,602
3008,São Vicente de Minas,2066,42,53,12,1269,475
3009,Sapucaí-Mirim,1995,58,79,43,1212,528
3010,Sardoá,1505,68,135,62,1189,921
3011,Sarzedo,7359,77,162,84,5216,999
3012,Setubinha,2562,213,389,100,3083,2802
3013,Sem-Peixe,931,8,27,36,387,214
3014,Senador Amaral,1583,21,75,36,1063,540
3015,Senador Cortes,632,9,41,8,373,182
3016,Senador Firmino,2320,69,78,34,1164,558
3017,Senador José Bento,632,3,7,31,211,128
3018,Senador Modestino Gonçalves,1337,35,83,86,883,618
3019,Senhora de Oliveira,1648,60,74,19,962,479
3020,Senhora do Porto,1036,41,90,21,733,611
3021,Senhora dos Remédios,2995,63,80,114,1705,1068
3022,Sericita,2105,151,155,99,1433,993
3023,Seritinga,577,9,27,0,277,126
3024,Serra Azul de Minas,1122,124,131,18,1048,898
3025,Serra da Saudade,290,3,9,5,138,66
3026,Serra dos Aimorés,2685,63,84,37,1796,1049
3027,Serra do Salitre,3287,66,98,73,2031,810
3028,Serrania,2266,44,33,16,1489,481
3029,Serranópolis de Minas,1288,50,58,56,878,727
3030,Serranos,639,11,35,2,330,143
3031,Serro,5699,169,524,306,4540,3287
3032,Sete Lagoas,63749,651,887,446,35380,7991
3033,Silveirânia,737,25,32,7,339,163
3034,Silvianópolis,2024,37,62,29,956,491
3035,Simão Pereira,756,13,50,4,427,240
3036,Simonésia,5466,323,271,422,3644,2643
3037,Sobrália,1829,63,83,61,1069,607
3038,Soledade de Minas,1887,32,47,14,980,418
3039,Tabuleiro,1358,18,38,7,607,235
3040,Taiobeiras,8955,289,519,273,6009,3923
3041,Taparuba,1093,16,31,22,483,242
3042,Tapira,1292,28,77,42,678,291
3043,Tapiraí,665,15,27,17,281,148
3044,Taquaraçu de Minas,1188,11,76,14,693,506
3045,Tarumirim,4597,172,273,118,2624,1535
3046,Teixeiras,3694,80,110,17,1686,834
3047,Teófilo Otoni,41487,918,1380,212,24131,10863
3048,Timóteo,24647,124,259,74,13635,2381
3049,Tiradentes,2365,30,50,23,1110,342
3050,Tiros,2511,33,41,42,1048,401
3051,Tocantins,5112,40,130,64,2515,890
3052,Tocos do Moji,1265,31,28,73,488,298
3053,Toledo,1863,46,53,46,968,523
3054,Tombos,3176,32,84,18,1488,591
3055,Três Corações,22343,228,363,106,13298,3635
3056,Três Marias,8836,150,212,103,5063,1343
3057,Três Pontas,16179,370,211,126,9601,2990
3058,Tumiritinga,1973,57,81,70,1350,809
3059,Tupaciguara,8442,116,139,72,3892,1196
3060,Turmalina,5366,108,222,111,3544,1649
3061,Turvolândia,1524,33,53,40,824,457
3062,Ubá,32492,496,521,237,17112,4159
3063,Ubaí,3014,182,356,138,2784,2257
3064,Ubaporanga,3701,153,125,116,2241,1418
3065,Uberaba,99584,370,970,303,44836,7008
3066,Uberlândia,198156,1375,1994,575,98305,11743
3067,Umburatiba,844,12,32,12,586,259
3068,Unaí,25105,327,470,577,14278,5175
3069,União de Minas,1603,20,33,30,740,271
3070,Uruana de Minas,1060,17,35,12,623,388
3071,Urucânia,2896,59,159,23,1979,999
3072,Urucuia,3071,195,372,89,3468,2837
3073,Vargem Alegre,2064,43,63,27,1120,443
3074,Vargem Bonita,803,4,13,15,345,153
3075,Vargem Grande do Rio Pardo,1186,88,110,43,996,790
3076,Varginha,37844,262,419,112,20153,3463
3077,Varjão de Minas,1960,24,52,17,1212,251
3078,Várzea da Palma,10817,258,498,132,7054,3797
3079,Varzelândia,4856,359,610,306,4514,3911
3080,Vazante,6541,50,43,76,3345,766
3081,Verdelândia,2139,152,315,76,2213,1790
3082,Veredinha,1640,41,72,94,1041,486
3083,Veríssimo,1178,25,32,11,610,324
3084,Vermelho Novo,1458,68,49,41,836,629
3085,Vespasiano,30203,526,774,155,20566,5137
3086,Viçosa,22900,217,473,97,11127,2626
3087,Vieiras,1168,25,48,31,556,310
3088,Mathias Lobato,990,35,80,6,732,453
3089,Virgem da Lapa,3953,201,244,169,2375,1577
3090,Virgínia,2682,54,75,44,1450,848
3091,Virginópolis,3041,87,191,54,1946,1112
3092,Virgolândia,1776,50,111,77,1093,659
3093,Visconde do Rio Branco,12180,161,206,55,6304,1985
3094,Volta Grande,1540,22,91,11,929,499
3095,Wenceslau Braz,789,12,16,8,463,270
