municipio,domicilios,domicilios_crianca_fora_da_escola,domicilios_crianca_com_atraso_escolar,domicilios_com_trabalho_infantil,criancas_ate_11_anos,criancas_ate_11_anos_pobres_vulneraveis
Abadia dos Dourados,2340,22,63,42,1061,482
Abaeté,7862,40,154,76,3664,1273
Abre Campo,4102,120,237,103,2357,1488
Acaiaca,1264,32,44,6,652,249
Açucena,3061,146,204,140,1973,1509
Água Boa,4203,362,450,267,3504,2631
Água Comprida,725,4,19,7,285,109
Aguanil,1367,29,28,24,644,297
Águas Formosas,5357,207,332,183,3734,2239
Águas Vermelhas,3474,240,260,16,2625,1849
Aimorés,8369,138,228,69,4166,1538
Aiuruoca,2107,67,122,30,911,558
Alagoa,875,18,63,4,401,228
Albertina,913,11,51,53,472,245
Além Paraíba,11295,126,307,150,5594,1898
Alfenas,23560,210,210,56,12041,2770
Alfredo Vasconcelos,1781,32,53,14,1093,462
Almenara,11750,302,678,240,7237,4024
Alpercata,2255,45,102,7,1433,736
Alpinópolis,5732,105,95,87,3092,964
Alterosa,4602,94,69,76,2293,792
Alto Caparaó,1761,60,88,63,934,398
Alto Rio Doce,3675,130,202,103,1890,1317
Alvarenga,1411,43,106,15,759,447
Alvinópolis,4689,95,186,20,2478,1025
Alvorada de Minas,969,58,113,38,922,805
Amparo do Serra,1480,53,98,36,856,593
Andradas,12332,192,209,232,5771,1917
Cachoeira de Pajeú,2559,95,245,57,1889,1552
Andrelândia,4043,47,68,26,1904,631
Angelândia,2114,73,248,153,2036,1483
Antônio Carlos,3477,65,127,15,1756,720
Antônio Dias,2886,97,177,37,1810,1111
Antônio Prado de Minas,556,7,29,4,221,97
Araçaí,719,6,13,4,383,176
Aracitaba,701,8,27,0,287,106
Araçuaí,10178,478,619,270,6888,4466
Araguari,35874,334,318,259,17330,3729
Arantina,932,2,14,3,490,59
Araponga,2385,179,207,108,1582,1300
Araporã,1796,1,9,0,1157,154
Arapuá,995,11,17,17,366,64
Araújos,2484,46,29,45,1472,324
Araxá,29694,190,236,97,15013,1993
Arceburgo,2916,23,68,30,1562,417
Arcos,11755,94,60,31,5363,639
Areado,4545,42,53,29,2260,564
Argirita,938,22,28,8,442,166
Aricanduva,1309,72,116,89,1104,864
Arinos,5261,190,336,216,3979,2642
Astolfo Dutra,4131,89,75,53,2018,760
Ataléia,4420,153,363,179,2810,2012
Augusto de Lima,1520,48,68,33,952,698
Baependi,5759,129,190,86,2973,1289
Baldim,2575,52,62,36,1390,722
Bambuí,8152,77,87,35,2996,694
Bandeira,1520,19,119,40,887,640
Bandeira do Sul,1719,28,26,11,838,174
Barão de Cocais,8514,33,254,59,5207,1247
Barão de Monte Alto,1773,19,55,19,898,323
Barbacena,40590,276,661,181,19571,4681
Barra Longa,1946,62,62,29,966,719
Barroso,6151,41,88,16,3356,699
Bela Vista de Minas,2890,32,78,30,1879,602
Belmiro Braga,1089,4,80,14,611,341
Belo Horizonte,768685,3153,5539,1968,347804,44869
Belo Oriente,6794,93,224,92,4757,1774
Belo Vale,2474,67,137,32,1153,673
Berilo,3305,118,326,64,2368,1742
Bertópolis,1277,85,87,51,997,757
Berizal,1252,56,97,12,883,667
Betim,113785,1089,1848,499,72464,14798
Bias Fortes,1209,18,44,35,590,333
Bicas,4656,33,68,4,2085,510
Biquinhas,978,25,37,8,352,226
Boa Esperança,11728,111,260,95,6768,2101
Bocaina de Minas,1791,31,95,43,769,485
Bocaiúva,13585,326,412,141,9198,4307
Bom Despacho,14653,115,124,53,7773,1420
Bom Jardim de Minas,2249,12,79,25,1029,339
Bom Jesus da Penha,1359,17,8,19,588,241
Bom Jesus do Amparo,1591,40,69,17,952,500
Bom Jesus do Galho,4868,182,165,106,2641,1519
Bom Repouso,3258,108,131,118,1787,1014
Bom Sucesso,5483,64,156,36,2731,916
Bonfim,2474,39,136,41,868,521
Bonfinópolis de Minas,1912,49,56,30,1079,409
Bonito de Minas,2287,252,285,159,2291,2009
Borda da Mata,5590,85,81,54,2596,728
Botelhos,5039,73,83,47,2386,843
Botumirim,1743,110,154,60,1437,1136
Brasilândia de Minas,4081,114,223,107,3269,1865
Brasília de Minas,8605,418,373,158,5979,3709
Brás Pires,1492,51,50,18,795,522
Braúnas,1429,42,116,48,849,599
Brazópolis,4782,76,172,59,2384,942
Brumadinho,10726,143,294,138,5628,1955
Bueno Brandão,3651,90,84,86,1644,896
Buenópolis,3131,115,204,70,1741,1017
Bugre,1241,37,49,11,717,543
Buritis,7023,230,519,210,4986,3019
Buritizeiro,7544,335,521,133,6101,3814
Cabeceira Grande,2148,71,112,67,1380,835
Cabo Verde,4347,145,90,55,2248,1064
Cachoeira da Prata,1116,5,7,6,526,70
Cachoeira de Minas,3476,68,38,40,1942,770
Cachoeira Dourada,786,0,0,0,437,46
Caetanópolis,3216,72,76,22,1521,596
Caeté,12091,141,243,46,7179,2532
Caiana,1576,49,64,41,957,646
Cajuri,1202,44,58,22,649,340
Caldas,4784,103,131,83,2056,1044
Camacho,989,24,31,5,534,284
Camanducaia,7061,252,134,166,3780,1465
Cambuí,9133,85,88,44,3947,864
Cambuquira,4109,60,150,45,2080,887
Campanário,1039,38,78,22,700,414
Campanha,4844,113,181,79,2686,1259
Campestre,6819,265,237,298,3295,1656
Campina Verde,6791,168,80,105,2956,1077
Campo Azul,1026,27,57,55,768,628
Campo Belo,17427,166,209,99,8058,1758
Campo do Meio,3613,52,71,35,1983,650
Campo Florido,2206,37,84,43,1378,631
Campos Altos,4379,89,134,67,2821,866
Campos Gerais,8657,174,349,236,5229,2721
Canaã,1454,38,43,23,709,473
Canápolis,3722,30,63,11,1783,430
Cana Verde,1849,14,41,15,899,281
Candeias,5090,50,95,67,1945,903
Cantagalo,1191,65,121,41,851,622
Caparaó,1591,95,72,65,1101,789
Capela Nova,1454,36,89,28,702,510
Capelinha,10020,423,564,306,7836,4694
Capetinga,2347,33,58,29,1275,436
Capim Branco,2691,27,110,24,1541,704
Capinópolis,5057,50,68,30,2640,606
Capitão Andrade,1583,30,49,33,1017,561
Capitão Enéas,3678,191,278,53,3205,2126
Capitólio,2795,21,54,36,1235,411
Caputira,2649,109,160,72,1836,1301
Caraí,5871,364,661,265,5365,4249
Caranaíba,909,19,79,11,547,335
Carandaí,6888,85,123,99,3905,1262
Carangola,11158,136,169,197,5382,1946
Caratinga,27248,660,457,319,15173,5401
Carbonita,3005,19,140,58,1751,812
Careaçu,1996,20,42,6,1132,330
Carlos Chagas,6308,203,312,101,3364,1434
Carmésia,752,10,44,19,467,263
Carmo da Cachoeira,3518,89,201,42,2275,1059
Carmo da Mata,3537,77,56,24,1714,508
Carmo de Minas,3957,66,163,32,2709,1194
Carmo do Cajuru,6380,42,111,75,3325,685
Carmo do Paranaíba,10138,154,207,130,4830,1267
Carmo do Rio Claro,6653,88,27,82,3328,1185
Carmópolis de Minas,5055,105,131,173,2833,943
Carneirinho,3286,43,51,61,1535,595
Carrancas,1233,22,36,17,656,288
Carvalhópolis,1101,5,29,18,579,187
Carvalhos,1537,56,69,13,622,379
Casa Grande,615,20,21,6,377,228
Cascalho Rico,1045,14,18,18,466,247
Cássia,5809,89,123,78,2888,925
Conceição da Barra de Minas,1215,40,22,7,643,316
Cataguases,23334,165,418,43,10406,2424
Catas Altas,1438,10,44,9,896,250
Catas Altas da Noruega,910,30,94,34,609,470
Catuji,1796,111,263,63,1642,1351
Catuti,1488,48,73,68,1037,799
Caxambu,7190,68,140,39,3337,841
Cedro do Abaeté,445,8,12,9,197,111
Central de Minas,2330,52,74,42,1149,457
Centralina,3245,99,74,57,1667,856
Chácara,965,7,39,1,427,222
Chalé,1829,59,73,60,979,638
Chapada do Norte,3705,180,516,81,3402,2787
Chapada Gaúcha,2563,121,282,197,2695,2040
Chiador,885,14,42,4,495,206
Cipotânea,1840,127,114,71,1052,794
Claraval,1445,45,48,31,830,385
Claro dos Poções,2420,65,54,63,1327,772
Cláudio,7835,91,165,69,4369,982
Coimbra,2366,31,92,38,1198,606
Coluna,2533,171,226,87,1924,1531
Comendador Gomes,1002,15,12,34,562,301
Comercinho,2399,89,204,121,1617,1290
Conceição da Aparecida,3211,56,46,57,1778,972
Conceição das Pedras,855,23,22,0,415,201
Conceição das Alagoas,7181,53,236,47,4530,1385
Conceição de Ipanema,1458,31,29,56,729,540
Conceição do Mato Dentro,5122,145,396,132,3649,2419
Conceição do Pará,1654,36,20,22,886,319
Conceição do Rio Verde,4038,119,159,47,2448,998
Conceição dos Ouros,3226,18,46,29,1893,508
Cônego Marinho,1829,73,194,106,1448,1222
Confins,1714,27,50,10,992,354
Congonhal,3481,61,72,78,1550,468
Congonhas,14143,63,310,37,8305,2008
Congonhas do Norte,1449,91,117,17,979,737
Conquista,2120,12,40,10,1094,283
Conselheiro Lafaiete,35450,310,667,122,18375,3296
Conselheiro Pena,7533,128,292,100,4016,1592
Consolação,563,21,8,17,269,162
Contagem,187429,1310,2115,588,100940,15460
Coqueiral,2894,45,103,20,1606,729
Coração de Jesus,7767,356,327,434,5022,3910
Cordisburgo,2716,79,81,33,1322,873
Cordislândia,1095,23,41,13,650,247
Corinto,7429,129,290,29,4385,2067
Coroaci,2997,124,179,78,1831,1321
Coromandel,9761,135,245,117,4321,1708
Coronel Fabriciano,31912,330,549,127,17752,4474
Coronel Murta,2538,53,111,67,1690,1152
Coronel Pacheco,927,11,42,6,436,200
Coronel Xavier Chaves,996,17,59,9,529,257
Córrego Danta,1216,13,23,2,512,247
Córrego do Bom Jesus,1299,16,19,6,522,238
Córrego Fundo,1818,30,37,10,958,389
Córrego Novo,998,20,18,19,581,264
Couto de Magalhães de Minas,1234,22,42,2,770,262
Crisólita,1757,98,120,48,1356,943
Cristais,3749,99,69,31,1947,647
Cristália,1489,89,101,34,1606,1150
Cristiano Otoni,1417,13,45,10,934,368
Cristina,3131,65,98,66,1699,891
Crucilândia,1614,27,63,45,748,332
Cruzeiro da Fortaleza,1246,26,44,7,732,254
Cruzília,4572,43,181,67,2364,760
Cuparaque,1571,29,41,20,887,366
Curral de Dentro,1961,79,171,27,1557,1049
Curvelo,23067,295,760,181,13102,5107
Datas,1408,60,113,53,997,517
Delfim Moreira,2446,98,146,68,1331,778
Delfinópolis,2250,45,40,21,1234,417
Delta,2619,53,80,20,1753,440
Descoberto,1596,37,40,12,767,238
Desterro de Entre Rios,2363,44,72,29,1005,544
Desterro do Melo,971,18,60,36,421,259
Diamantina,13031,313,615,210,8285,3850
Diogo de Vasconcelos,1182,53,95,28,701,540
Dionísio,2660,20,50,11,1361,564
Divinésia,1043,30,24,18,593,272
Divino,6170,222,276,236,3870,2449
Divino das Laranjeiras,1602,23,51,17,885,434
Divinolândia de Minas,1929,80,129,68,1358,814
Divinópolis,67413,367,502,227,32883,4424
Divisa Alegre,1650,52,141,57,1433,951
Divisa Nova,1788,47,33,25,1081,422
Divisópolis,2423,115,279,33,1796,1311
Dom Bosco,1247,17,43,42,752,489
Dom Cavati,1713,31,24,21,886,356
Dom Joaquim,1336,64,94,39,835,511
Dom Silvério,1727,21,17,21,690,329
Dom Viçoso,972,12,13,9,460,200
Dona Euzébia,1896,48,83,55,992,402
Dores de Campos,3027,68,71,57,1480,369
Dores de Guanhães,1488,59,121,36,973,777
Dores do Indaiá,5056,68,68,36,2072,526
Dores do Turvo,1376,71,93,11,749,541
Doresópolis,495,2,14,1,232,73
Douradoquara,672,11,5,25,280,99
Durandé,2192,151,101,178,1571,1181
Elói Mendes,7784,166,216,156,4567,1635
Engenheiro Caldas,3208,77,128,71,2093,942
Engenheiro Navarro,2062,58,108,51,1391,918
Entre Folhas,1649,59,54,26,905,491
Entre Rios de Minas,4306,58,145,38,2190,935
Ervália,5734,240,247,178,3165,2020
Esmeraldas,17792,681,880,238,12679,6997
Espera Feliz,7512,237,285,286,4250,2465
Espinosa,8542,523,526,376,5808,4541
Espírito Santo do Dourado,1453,44,20,39,603,322
Estiva,3430,82,59,114,1657,749
Estrela Dalva,827,2,40,10,381,193
Estrela do Indaiá,1233,22,49,9,540,307
Estrela do Sul,2476,40,63,30,1261,457
Eugenópolis,3620,56,82,29,1636,617
Ewbank da Câmara,1092,0,14,0,688,127
Extrema,9160,71,138,21,4781,1025
Fama,822,17,24,12,343,155
Faria Lemos,1127,13,37,26,596,310
Felício dos Santos,1494,53,195,69,1082,901
São Gonçalo do Rio Preto,877,31,84,35,597,400
Felisburgo,2053,67,182,59,1362,798
Felixlândia,4561,90,268,71,2578,1594
Fernandes Tourinho,983,28,44,4,549,283
Ferros,3409,147,231,77,2001,1680
Fervedouro,3121,113,230,67,2181,1588
Florestal,2059,28,72,25,1091,405
Formiga,21841,214,162,94,9219,1493
Formoso,2250,102,158,103,1759,1301
Fortaleza de Minas,1391,28,28,9,733,232
Fortuna de Minas,822,9,18,14,469,236
Francisco Badaró,2823,91,237,95,1711,1326
Francisco Dumont,1506,88,83,16,1020,746
Francisco Sá,7212,232,366,164,4855,3313
Franciscópolis,1667,82,162,71,1253,846
Frei Gaspar,1710,65,140,36,1260,875
Frei Inocêncio,2733,45,165,39,1877,920
Frei Lagonegro,904,60,122,8,659,560
Fronteira,4673,64,59,79,2748,582
Fronteira dos Vales,1407,58,65,28,973,631
Fruta de Leite,1592,152,191,64,1467,1286
Frutal,18219,180,272,105,8491,2414
Funilândia,1203,34,50,3,749,370
Galiléia,2292,63,64,41,1328,619
Gameleiras,1485,54,97,35,936,782
Glaucilândia,854,24,22,3,541,382
Goiabeira,1058,19,26,9,579,241
Goianá,1215,6,35,15,582,242
Gonçalves,1383,16,37,27,690,385
Gonzaga,1529,60,111,34,1186,775
Gouveia,3377,71,138,30,1910,863
Governador Valadares,83051,830,1509,418,47619,10978
Grão Mogol,3930,256,421,184,3161,2403
Grupiara,507,5,8,4,210,62
Guanhães,9405,225,481,136,5645,2588
Guapé,4461,51,97,46,2325,941
Guaraciaba,2977,102,157,111,1552,1122
Guaraciama,1440,27,23,40,839,453
Guaranésia,6112,55,125,53,2940,773
Guarani,2746,74,97,25,1332,618
Guarará,1269,12,31,7,655,234
Guarda-Mor,2098,55,75,23,1247,746
Guaxupé,15800,177,273,81,7545,1632
Guidoval,2318,41,54,51,1133,418
Guimarânia,2261,35,73,39,1333,440
Guiricema,2924,58,55,64,1244,756
Gurinhatã,2243,57,53,65,924,539
Heliodora,1986,34,41,6,1048,414
Iapu,3297,83,89,43,1816,942
Ibertioga,1551,31,49,18,852,449
Ibiá,7747,89,110,33,4019,1071
Ibiaí,2237,106,199,68,1680,1285
Ibiracatu,1665,72,175,37,1284,999
Ibiraci,3789,103,93,70,2309,819
Ibirité,46400,548,905,248,32309,7539
Ibitiúra de Minas,1168,59,13,16,539,227
Ibituruna,886,2,21,2,524,131
Icaraí de Minas,2559,210,244,190,2321,1868
Igarapé,10491,169,372,69,6790,2650
Igaratinga,2790,149,100,87,1711,573
Iguatama,2748,29,71,29,1042,286
Ijaci,1692,21,22,4,1065,252
Ilicínea,3646,61,68,42,2067,576
Imbé de Minas,1923,85,128,80,1283,1039
Inconfidentes,2253,52,78,32,990,427
Indaiabira,1944,125,196,73,1470,1209
Indianópolis,1951,40,92,22,1190,635
Ingaí,814,27,30,25,453,262
Inhapim,7726,308,291,331,4374,2737
Inhaúma,1656,45,78,22,1028,510
Inimutaba,2056,59,85,19,1185,698
Ipaba,5079,125,150,73,3546,1375
Ipanema,6065,95,188,89,3087,1447
Ipatinga,73726,574,663,198,40334,6223
Ipiaçu,1420,8,17,5,628,128
Ipuiúna,3069,83,50,79,1564,788
Iraí de Minas,2016,63,63,32,1221,419
Itabira,31930,254,608,241,18078,4523
Itabirinha,3277,119,134,26,1981,1018
Itabirito,13419,79,307,52,7655,1366
Itacambira,1289,97,78,34,952,764
Itacarambi,4384,259,428,103,4108,2930
Itaguara,4055,66,62,68,1964,559
Itaipé,3081,213,426,190,2914,2391
Itajubá,28495,128,307,44,14321,2526
Itamarandiba,9106,325,566,366,7284,4419
Itamarati de Minas,1301,7,37,5,508,170
Itambacuri,6625,219,539,226,4707,3049
Itambé do Mato Dentro,694,15,30,5,350,244
Itamogi,3465,66,71,42,1594,589
Itamonte,4296,50,158,87,2324,1020
Itanhandu,4410,51,57,19,2302,481
Itanhomi,3826,125,114,54,2082,738
Itaobim,6244,164,624,196,4106,2748
Itapagipe,4578,69,123,69,1781,626
Itapecerica,7030,119,114,89,3115,903
Itapeva,2806,56,88,36,1444,730
Itatiaiuçu,3078,55,188,35,1829,779
Itaú de Minas,4803,15,16,9,2331,340
Itaúna,27122,154,201,151,12943,1748
Itaverava,1650,60,138,61,1093,837
Itinga,3790,141,477,110,3156,2303
Itueta,1860,24,61,35,985,479
Ituiutaba,32707,172,305,262,14945,3242
Itumirim,1862,28,30,10,994,401
Iturama,11403,62,161,52,5877,1227
Itutinga,1312,15,30,28,627,291
Jaboticatubas,5482,131,361,85,2974,1928
Jacinto,3795,90,157,56,2255,1363
Jacuí,2540,40,72,54,1238,624
Jacutinga,7217,112,71,77,3889,1028
Jaguaraçu,906,11,19,6,504,172
Jaíba,8991,482,665,344,7838,5337
Jampruca,1505,28,122,44,1002,676
Janaúba,18617,638,1212,450,13220,8132
Januária,17603,867,1429,493,14474,10560
Japaraíba,1202,24,35,33,753,210
Japonvar,2315,91,120,93,1642,1204
Jeceaba,1686,25,74,21,805,407
Jenipapo de Minas,1761,73,238,38,1531,1170
Jequeri,4088,186,235,83,2198,1449
Jequitaí,2529,97,137,42,1383,989
Jequitibá,1590,52,79,75,892,677
Jequitinhonha,7238,298,666,248,4934,3565
Jesuânia,1570,36,59,26,710,295
Joaíma,4166,230,428,175,3364,2286
Joanésia,1674,37,103,43,849,614
João Monlevade,22292,147,166,0,11687,2191
João Pinheiro,13836,469,483,335,8641,3224
Joaquim Felício,1255,52,96,34,789,518
Jordânia,3048,121,220,74,2053,1310
José Gonçalves de Minas,1147,59,97,84,992,697
José Raydan,1302,46,131,49,854,653
Josenópolis,1209,109,85,57,1160,799
Nova União,1680,16,75,46,986,506
Juatuba,6895,62,336,42,4239,1522
Juiz de Fora,172973,1297,2375,735,75207,13559
Juramento,1204,30,49,48,787,443
Juruaia,2847,138,99,174,1504,818
Juvenília,1515,116,146,22,1289,991
Ladainha,4306,357,536,192,4189,3704
Lagamar,2690,25,51,38,1197,402
Lagoa da Prata,14331,106,130,129,7882,1455
Lagoa dos Patos,1195,51,115,35,860,637
Lagoa Dourada,3287,83,137,43,2333,1152
Lagoa Formosa,5672,75,71,119,2655,839
Lagoa Grande,2827,74,49,59,1620,865
Lagoa Santa,15875,328,358,114,9279,2968
Lajinha,6180,212,264,134,3729,2401
Lambari,6458,136,169,79,3341,1362
Lamim,1068,16,75,20,620,462
Laranjal,2093,33,53,7,912,280
Lassance,1991,75,161,78,1331,978
Lavras,29381,110,263,69,14335,2312
Leandro Ferreira,1038,27,10,9,558,222
Leme do Prado,1330,16,97,16,962,466
Leopoldina,16675,133,419,47,8091,2664
Liberdade,1727,18,57,22,784,361
Lima Duarte,5477,50,166,32,2570,883
Limeira do Oeste,2351,16,54,11,1127,491
Lontra,2335,109,152,61,1663,1159
Luisburgo,1898,116,72,123,1282,1029
Luislândia,1700,92,110,53,1444,1173
Luminárias,1792,28,43,7,941,342
Luz,5919,74,120,20,2737,770
Machacalis,2185,82,91,16,1402,696
Machado,11662,302,194,120,6990,2596
Madre de Deus de Minas,1527,27,25,6,767,300
Malacacheta,5522,260,404,142,3765,2546
Mamonas,1982,53,56,59,962,680
Manga,5191,244,621,92,4639,3729
Manhuaçu,24386,532,692,516,16054,6322
Manhumirim,6917,144,227,130,4078,1868
Mantena,9155,224,227,108,4698,1514
Maravilhas,2061,57,93,35,1317,511
Mar de Espanha,3943,74,90,48,1786,533
Maria da Fé,4014,61,104,28,2549,1129
Mariana,16127,145,576,115,9390,2895
Marilac,1312,32,67,8,866,390
Mário Campos,3875,62,148,59,2649,1141
Maripá de Minas,891,21,9,7,429,167
Marliéria,1257,18,66,12,741,304
Marmelópolis,911,15,27,27,474,243
Martinho Campos,4154,104,141,17,2155,1089
Martins Soares,2208,84,83,72,1479,1048
Mata Verde,2240,98,171,26,1642,798
Materlândia,1286,45,122,10,957,706
Mateus Leme,8600,149,380,78,5133,2111
Matias Barbosa,4281,42,129,37,2194,526
Matias Cardoso,2504,153,331,102,2527,2044
Matipó,5079,125,293,113,3829,2015
Mato Verde,4002,103,130,121,2111,1477
Matozinhos,9963,147,234,38,5977,1642
Matutina,1403,21,30,11,545,173
Medeiros,1134,16,22,13,607,309
Medina,6156,140,472,122,4220,2310
Mendes Pimentel,2083,57,73,37,1080,657
Mercês,3331,92,76,52,1698,873
Mesquita,1811,52,60,34,1005,585
Minas Novas,7582,471,877,441,6679,5471
Minduri,1147,28,69,23,653,291
Mirabela,3771,137,174,94,2549,1863
Miradouro,3331,55,171,106,1787,913
Miraí,4209,52,117,67,2310,881
Miravânia,1189,68,131,57,1052,865
Moeda,1485,22,91,14,781,459
Moema,2287,50,21,40,1219,366
Monjolos,690,28,50,3,458,325
Monsenhor Paulo,2547,53,46,22,1406,442
Montalvânia,4420,162,352,92,3268,2448
Monte Alegre de Minas,6861,106,211,103,3154,1216
Monte Azul,6983,193,314,224,3297,2278
Monte Belo,4368,80,63,48,2037,849
Monte Carmelo,15149,85,241,52,7889,1913
Monte Formoso,1230,76,135,48,1297,1061
Monte Santo de Minas,7245,108,183,55,3255,1199
Montes Claros,105295,1091,1761,629,65779,17450
Monte Sião,7060,124,153,161,3358,1095
Montezuma,1897,101,187,102,1641,1173
Morada Nova de Minas,2843,51,132,30,1433,747
Morro da Garça,811,22,21,5,524,347
Morro do Pilar,1069,62,61,18,602,353
Munhoz,1954,73,63,24,1139,633
Muriaé,33416,391,564,235,15566,3616
Mutum,8572,409,343,400,4923,3390
Muzambinho,6670,80,139,79,3136,1027
Nacip Raydan,924,33,73,18,621,403
Nanuque,13061,170,315,75,7599,2954
Naque,1840,47,71,25,1225,501
Natalândia,1064,18,48,24,681,303
Natércia,1609,17,22,15,637,257
Nazareno,2451,29,23,13,1416,497
Nepomuceno,8031,184,232,123,4526,1965
Ninheira,2592,137,362,109,1942,1629
Nova Belém,1175,32,68,36,728,570
Nova Era,5238,46,128,33,3038,986
Nova Lima,24502,147,349,79,12551,1907
Nova Módica,1174,21,67,16,718,483
Nova Ponte,3986,49,123,50,2481,687
Nova Porteirinha,2032,84,128,129,1491,1126
Nova Resende,4975,266,103,194,2811,1697
Nova Serrana,22100,396,310,316,14638,2969
Novo Cruzeiro,7991,582,918,427,7551,6206
Novo Oriente de Minas,3026,141,354,118,2099,1528
Novorizonte,1420,52,57,26,1029,721
Olaria,670,13,18,11,280,134
Olhos-d'Água,1483,50,114,88,1160,793
Olímpio Noronha,799,6,21,6,398,116
Oliveira,12112,187,188,60,6456,1552
Oliveira Fortes,671,21,19,6,335,204
Onça de Pitangui,928,31,46,31,594,381
Oratórios,1285,13,73,8,807,364
Orizânia,2204,135,210,70,1488,1151
Ouro Branco,10432,77,272,54,5906,1220
Ouro Fino,10620,133,145,152,4771,1613
Ouro Preto,20662,195,586,100,11658,3730
Ouro Verde de Minas,1713,71,114,37,1231,820
Padre Carvalho,1406,117,98,80,1457,1076
Padre Paraíso,5016,258,471,170,4060,2723
Paineiras,1688,33,73,29,648,379
Pains,2677,26,31,46,1174,292
Pai Pedro,1640,103,124,33,1218,957
Paiva,525,9,9,7,188,73
Palma,2067,26,77,3,953,431
Palmópolis,2079,103,204,98,1328,963
Papagaios,4090,163,247,75,2969,1590
Paracatu,24042,542,500,207,17129,6177
Pará de Minas,26023,156,273,101,13931,2051
Paraguaçu,6389,77,110,24,3253,924
Paraisópolis,6460,98,145,50,3181,810
Paraopeba,6742,125,265,131,4125,1694
Passabém,559,5,39,14,267,176
Passa Quatro,4864,57,81,39,2606,853
Passa Tempo,2750,32,84,17,1141,436
Passa Vinte,702,6,50,14,325,163
Passos,33750,327,356,190,17203,3053
Patis,1526,95,103,40,1152,945
Patos de Minas,45985,345,287,307,21734,3936
Patrocínio,26022,391,449,261,15122,4517
Patrocínio do Muriaé,1798,6,44,19,812,245
Paula Cândido,2700,54,169,42,1583,876
Paulistas,1347,59,124,73,1002,753
Pavão,2501,115,141,63,1642,1055
Peçanha,4942,265,368,123,3616,2641
Pedra Azul,6646,216,471,102,5206,2705
Pedra Bonita,1780,110,139,147,1561,1184
Pedra do Anta,1083,14,45,20,512,275
Pedra do Indaiá,1327,20,15,36,580,259
Pedra Dourada,680,12,40,16,413,260
Pedralva,3467,84,151,92,1990,1181
Pedras de Maria da Cruz,2726,145,250,62,2207,1679
Pedrinópolis,1137,14,38,13,626,198
Pedro Leopoldo,17661,211,371,114,9870,3123
Pedro Teixeira,586,7,29,7,301,165
Pequeri,1088,9,40,8,516,167
Pequi,1334,34,59,20,680,298
Perdigão,2736,69,61,56,1657,423
Perdizes,4514,112,120,58,2810,1042
Perdões,6398,50,36,29,3132,661
Periquito,2011,76,84,22,1516,651
Pescador,1220,15,61,21,820,440
Piau,939,18,50,19,407,196
Piedade de Caratinga,2149,108,64,107,1533,1018
Piedade de Ponte Nova,1175,7,28,4,776,303
Piedade do Rio Grande,1616,6,44,26,726,328
Piedade dos Gerais,1562,40,123,66,700,520
Pimenta,2727,30,72,10,1301,420
Pingo-d'Água,1303,19,28,3,908,269
Pintópolis,1858,78,224,77,1767,1444
Piracema,2150,42,65,27,967,446
Pirajuba,1519,15,22,7,848,203
Piranga,4623,248,437,91,3254,2662
Piranguçu,1647,48,73,18,836,372
Piranguinho,2435,33,106,27,1373,595
Pirapetinga,3503,26,81,18,1567,484
Pirapora,15461,198,609,106,10241,4798
Piraúba,3502,88,96,52,1597,629
Pitangui,7731,136,57,69,4612,1176
Piumhi,10915,76,143,102,4777,1215
Planura,3297,27,48,37,1935,302
Poço Fundo,5176,153,112,94,2488,1277
Poços de Caldas,50978,180,315,103,23246,2563
Pocrane,3037,69,49,73,1404,724
Pompéu,8659,205,350,188,5634,2389
Ponte Nova,18388,266,465,99,9173,2848
Ponto Chique,1105,47,115,46,881,672
Ponto dos Volantes,3067,191,312,198,2747,2366
Porteirinha,11102,493,378,372,6750,4682
Porto Firme,2885,49,167,68,1616,1055
Poté,4591,205,364,179,3306,2501
Pouso Alegre,41273,380,506,217,21054,3873
Pouso Alto,2051,26,89,19,863,393
Prados,2646,80,67,25,1411,437
Prata,8520,163,252,142,4692,1793
Pratápolis,3108,33,42,9,1269,199
Pratinha,1136,17,15,7,467,186
Presidente Bernardes,1618,35,122,33,1003,742
Presidente Juscelino,1177,49,63,42,677,467
Presidente Kubitschek,765,15,46,12,668,281
Presidente Olegário,6433,72,69,136,3051,1157
Alto Jequitibá,2778,104,78,97,1465,966
Prudente de Morais,2703,41,58,17,1715,641
Quartel Geral,1129,27,49,5,624,317
Queluzito,602,8,14,4,234,107
Raposos,4379,59,50,11,2556,411
Raul Soares,7810,109,279,166,3818,2206
Recreio,3533,42,52,14,1521,464
Reduto,1953,88,108,81,1357,789
Resende Costa,3585,111,141,161,1649,868
Resplendor,5880,94,216,46,2996,1499
Ressaquinha,1474,26,58,14,763,422
Riachinho,2408,85,164,93,1671,1198
Riacho dos Machados,2313,142,213,146,1997,1612
Ribeirão das Neves,89483,1328,1945,411,59422,18059
Ribeirão Vermelho,1225,2,11,1,568,120
Rio Acima,2635,55,91,15,1582,475
Rio Casca,4387,91,217,61,2574,1244
Rio Doce,778,7,25,13,365,144
Rio do Prado,1553,45,130,27,1009,641
Rio Espera,1842,53,100,73,1037,753
Rio Manso,1698,33,86,40,774,475
Rio Novo,2852,27,97,20,1395,672
Rio Paranaíba,3946,60,86,76,2015,929
Rio Pardo de Minas,7596,365,714,501,6157,4696
Rio Piracicaba,4404,27,132,20,2313,850
Rio Pomba,5546,76,103,72,2624,679
Rio Preto,1794,21,87,10,861,416
Rio Vermelho,3813,234,501,195,3070,2449
Ritápolis,1691,23,70,3,680,333
Rochedo de Minas,703,12,12,20,365,157
Rodeiro,2092,31,20,7,1217,241
Romaria,1150,11,15,4,626,243
Rosário da Limeira,1433,23,85,30,691,402
Rubelita,2238,101,131,47,1584,1224
Rubim,3090,85,213,47,1803,1116
Sabará,36693,329,604,183,23033,5458
Sabinópolis,4700,153,336,141,3082,1786
Sacramento,7768,106,85,72,4024,1208
Salinas,11863,234,481,160,6993,3151
Salto da Divisa,1984,58,146,10,1507,956
Santa Bárbara,8043,132,137,56,5042,1585
Santa Bárbara do Leste,2376,114,152,94,1450,968
Santa Bárbara do Monte Verde,946,19,52,5,492,215
Santa Bárbara do Tugúrio,1385,37,63,16,735,399
Santa Cruz de Minas,2524,14,38,8,1386,253
Santa Cruz de Salinas,1284,33,129,80,885,646
Santa Cruz do Escalvado,1573,23,82,26,837,538
Santa Efigênia de Minas,1327,79,62,33,964,655
Santa Fé de Minas,1165,78,106,52,887,745
Santa Helena de Minas,1616,99,138,70,1517,1053
Santa Juliana,3469,55,71,27,2062,466
Santa Luzia,59007,757,1114,197,39302,9834
Santa Margarida,4331,285,238,143,3187,2249
Santa Maria de Itabira,2924,78,138,38,1892,1083
Santa Maria do Salto,1602,24,87,89,956,563
Santa Maria do Suaçuí,4312,217,311,108,3041,1991
Santana da Vargem,2205,39,70,26,1360,668
Santana de Cataguases,1214,4,16,7,534,153
Santana de Pirapama,2553,43,130,105,1322,933
Santana do Deserto,1175,44,38,5,639,222
Santana do Garambéu,667,5,22,14,363,153
Santana do Jacaré,1543,18,29,10,738,297
Santana do Manhuaçu,2571,169,125,158,1792,1262
Santana do Paraíso,7925,242,276,102,5531,1748
Santana do Riacho,1312,26,54,10,669,416
Santana dos Montes,1152,33,62,30,665,381
Santa Rita de Caldas,3159,59,41,33,1251,681
Santa Rita de Jacutinga,1788,14,83,33,670,295
Santa Rita de Minas,2062,66,73,29,1246,595
Santa Rita de Ibitipoca,1098,11,65,13,644,308
Santa Rita do Itueto,1788,86,80,65,1057,762
Santa Rita do Sapucaí,11526,116,220,57,6658,1731
Santa Rosa da Serra,1083,12,28,39,612,277
Santa Vitória,6214,118,160,96,2924,964
Santo Antônio do Amparo,5087,70,104,24,3206,816
Santo Antônio do Aventureiro,1205,22,59,18,543,336
Santo Antônio do Grama,1240,17,59,26,655,280
Santo Antônio do Itambé,1075,65,202,87,984,832
Santo Antônio do Jacinto,3590,164,339,165,2294,1659
Santo Antônio do Monte,8529,177,57,155,4552,1075
Santo Antônio do Retiro,1798,118,149,69,1560,1212
Santo Antônio do Rio Abaixo,533,10,24,10,325,216
Santo Hipólito,1052,41,49,8,577,399
Santos Dumont,14802,156,306,35,7122,2041
São Bento Abade,1316,11,31,31,983,209
São Brás do Suaçuí,1104,41,31,4,485,297
São Domingos das Dores,1562,60,55,11,1094,670
São Domingos do Prata,5422,97,187,55,2731,1372
São Félix de Minas,1059,43,37,24,626,403
São Francisco,13633,878,1303,590,12481,9382
São Francisco de Paula,1998,53,51,31,1067,365
São Francisco de Sales,2077,43,43,12,974,366
São Francisco do Glória,1619,67,48,42,870,487
São Geraldo,3259,50,81,41,1700,643
São Geraldo da Piedade,1243,58,56,61,883,605
São Geraldo do Baixio,1148,27,41,20,691,338
São Gonçalo do Abaeté,2018,32,82,2,1279,554
São Gonçalo do Pará,3350,75,69,50,1751,596
São Gonçalo do Rio Abaixo,2757,62,113,39,1774,736
São Gonçalo do Sapucaí,7218,119,184,32,4174,1264
São Gotardo,10091,139,136,86,5756,1348
São João Batista do Glória,2310,18,23,13,1041,289
São João da Lagoa,1446,53,109,38,864,620
São João da Mata,906,33,44,5,372,187
São João da Ponte,6635,373,1064,303,5076,4431
São João das Missões,2548,294,605,190,3458,3229
São João del Rei,27747,212,425,77,12368,2395
São João do Manhuaçu,3052,142,184,163,2088,1289
São João do Manteninha,1714,22,37,17,838,334
São João do Oriente,2526,69,66,40,1284,497
São João do Pacuí,1144,58,85,39,847,645
São João do Paraíso,6043,314,589,387,4233,2946
São João Evangelista,4604,168,347,107,2896,1730
São João Nepomuceno,8410,111,189,85,3698,1180
São Joaquim de Bicas,9059,245,399,120,4853,2206
São José da Barra,2065,20,37,8,1168,367
São José da Lapa,5703,59,115,46,3782,984
São José da Safira,1164,58,98,34,925,587
São José da Varginha,1307,26,46,39,803,383
São José do Alegre,1271,19,15,18,675,209
São José do Divino,1174,42,71,23,747,440
São José do Goiabal,1745,20,53,15,949,372
São José do Jacuri,1865,90,200,67,1300,1037
São José do Mantimento,795,20,33,8,481,315
São Lourenço,13919,52,157,35,6556,1349
São Miguel do Anta,2065,61,131,66,1102,604
São Pedro da União,1776,45,52,39,715,406
São Pedro dos Ferros,2570,54,106,13,1529,627
São Pedro do Suaçuí,1656,71,145,26,1009,716
São Romão,2483,91,227,124,2341,1880
São Roque de Minas,2326,35,55,55,1046,560
São Sebastião da Bela Vista,1560,36,48,24,903,309
São Sebastião da Vargem Alegre,933,20,6,8,449,255
São Sebastião do Anta,1715,58,113,53,1296,861
São Sebastião do Maranhão,2930,198,258,107,2430,2043
São Sebastião do Oeste,1849,33,78,27,1007,493
São Sebastião do Paraíso,21018,253,278,143,10711,2440
São Sebastião do Rio Preto,518,10,43,17,276,192
São Sebastião do Rio Verde,682,9,11,0,294,121
São Tiago,3353,70,91,40,1776,630
São Tomás de Aquino,2301,25,42,18,1293,547
São Tomé das Letras,2172,47,84,82,1254,602
São Vicente de Minas,2066,42,53,12,1269,475
Sapucaí-Mirim,1995,58,79,43,1212,528
Sardoá,1505,68,135,62,1189,921
Sarzedo,7359,77,162,84,5216,999
Setubinha,2562,213,389,100,3083,2802
Sem-Peixe,931,8,27,36,387,214
Senador Amaral,1583,21,75,36,1063,540
Senador Cortes,632,9,41,8,373,182
Senador Firmino,2320,69,78,34,1164,558
Senador José Bento,632,3,7,31,211,128
Senador Modestino Gonçalves,1337,35,83,86,883,618
Senhora de Oliveira,1648,60,74,19,962,479
Senhora do Porto,1036,41,90,21,733,611
Senhora dos Remédios,2995,63,80,114,1705,1068
Sericita,2105,151,155,99,1433,993
Seritinga,577,9,27,0,277,126
Serra Azul de Minas,1122,124,131,18,1048,898
Serra da Saudade,290,3,9,5,138,66
Serra dos Aimorés,2685,63,84,37,1796,1049
Serra do Salitre,3287,66,98,73,2031,810
Serrania,2266,44,33,16,1489,481
Serranópolis de Minas,1288,50,58,56,878,727
Serranos,639,11,35,2,330,143
Serro,5699,169,524,306,4540,3287
Sete Lagoas,63749,651,887,446,35380,7991
Silveirânia,737,25,32,7,339,163
Silvianópolis,2024,37,62,29,956,491
Simão Pereira,756,13,50,4,427,240
Simonésia,5466,323,271,422,3644,2643
Sobrália,1829,63,83,61,1069,607
Soledade de Minas,1887,32,47,14,980,418
Tabuleiro,1358,18,38,7,607,235
Taiobeiras,8955,289,519,273,6009,3923
Taparuba,1093,16,31,22,483,242
Tapira,1292,28,77,42,678,291
Tapiraí,665,15,27,17,281,148
Taquaraçu de Minas,1188,11,76,14,693,506
Tarumirim,4597,172,273,118,2624,1535
Teixeiras,3694,80,110,17,1686,834
Teófilo Otoni,41487,918,1380,212,24131,10863
Timóteo,24647,124,259,74,13635,2381
Tiradentes,2365,30,50,23,1110,342
Tiros,2511,33,41,42,1048,401
Tocantins,5112,40,130,64,2515,890
Tocos do Moji,1265,31,28,73,488,298
Toledo,1863,46,53,46,968,523
Tombos,3176,32,84,18,1488,591
Três Corações,22343,228,363,106,13298,3635
Três Marias,8836,150,212,103,5063,1343
Três Pontas,16179,370,211,126,9601,2990
Tumiritinga,1973,57,81,70,1350,809
Tupaciguara,8442,116,139,72,3892,1196
Turmalina,5366,108,222,111,3544,1649
Turvolândia,1524,33,53,40,824,457
Ubá,32492,496,521,237,17112,4159
Ubaí,3014,182,356,138,2784,2257
Ubaporanga,3701,153,125,116,2241,1418
Uberaba,99584,370,970,303,44836,7008
Uberlândia,198156,1375,1994,575,98305,11743
Umburatiba,844,12,32,12,586,259
Unaí,25105,327,470,577,14278,5175
União de Minas,1603,20,33,30,740,271
Uruana de Minas,1060,17,35,12,623,388
Urucânia,2896,59,159,23,1979,999
Urucuia,3071,195,372,89,3468,2837
Vargem Alegre,2064,43,63,27,1120,443
Vargem Bonita,803,4,13,15,345,153
Vargem Grande do Rio Pardo,1186,88,110,43,996,790
Varginha,37844,262,419,112,20153,3463
Varjão de Minas,1960,24,52,17,1212,251
Várzea da Palma,10817,258,498,132,7054,3797
Varzelândia,4856,359,610,306,4514,3911
Vazante,6541,50,43,76,3345,766
Verdelândia,2139,152,315,76,2213,1790
Veredinha,1640,41,72,94,1041,486
Veríssimo,1178,25,32,11,610,324
Vermelho Novo,1458,68,49,41,836,629
Vespasiano,30203,526,774,155,20566,5137
Viçosa,22900,217,473,97,11127,2626
Vieiras,1168,25,48,31,556,310
Mathias Lobato,990,35,80,6,732,453
Virgem da Lapa,3953,201,244,169,2375,1577
Virgínia,2682,54,75,44,1450,848
Virginópolis,3041,87,191,54,1946,1112
Virgolândia,1776,50,111,77,1093,659
Visconde do Rio Branco,12180,161,206,55,6304,1985
Volta Grande,1540,22,91,11,929,499
Wenceslau Braz,789,12,16,8,463,270
