municipio,domicilios,domicilios_crianca_fora_da_escola,domicilios_crianca_com_distorcao_escolar,domicilios_com_trabalho_infantil,criancas_ate_11_anos,criancas_ate_11_anos_pobres_vulneraveis,porcentagem_domicilios_crianca_fora_da_escola,porcentagem_domicilios_crianca_com_atraso_escolar,porcentagem_domicilios_trabalho_infantil,porcentagem_criancas_pobres_vulneraveis,habitantes_aproximacao,gini
Abadia dos Dourados,2340,22,63,42,1061,482,0.9402,2.6923,1.7949,45.4288,7745,0.4738
Abaeté,7862,40,154,76,3664,1273,0.5088,1.9588,0.9667,34.7434,26023,0.5510
Abre Campo,4102,120,237,103,2357,1488,2.9254,5.7777,2.5110,63.1311,13578,0.5225
Acaiaca,1264,32,44,6,652,249,2.5316,3.4810,0.4747,38.1902,4184,0.4821
Açucena,3061,146,204,140,1973,1509,4.7697,6.6645,4.5737,76.4825,10132,0.4955
Água Boa,4203,362,450,267,3504,2631,8.6129,10.7066,6.3526,75.0856,13912,0.5018
Água Comprida,725,4,19,7,285,109,0.5517,2.6207,0.9655,38.2456,2400,0.4474
Aguanil,1367,29,28,24,644,297,2.1214,2.0483,1.7557,46.1180,4525,0.4662
Águas Formosas,5357,207,332,183,3734,2239,3.8641,6.1975,3.4161,59.9625,17732,0.5774
Águas Vermelhas,3474,240,260,16,2625,1849,6.9085,7.4842,0.4606,70.4381,11499,0.5209
Aimorés,8369,138,228,69,4166,1538,1.6489,2.7243,0.8245,36.9179,27701,0.5328
Aiuruoca,2107,67,122,30,911,558,3.1799,5.7902,1.4238,61.2514,6974,0.4888
Alagoa,875,18,63,4,401,228,2.0571,7.2000,0.4571,56.8579,2896,0.4212
Albertina,913,11,51,53,472,245,1.2048,5.5860,5.8050,51.9068,3022,0.3474
Além Paraíba,11295,126,307,150,5594,1898,1.1155,2.7180,1.3280,33.9292,37386,0.5013
Alfenas,23560,210,210,56,12041,2770,0.8913,0.8913,0.2377,23.0047,77984,0.5143
Alfredo Vasconcelos,1781,32,53,14,1093,462,1.7967,2.9759,0.7861,42.2690,5895,0.4113
Almenara,11750,302,678,240,7237,4024,2.5702,5.7702,2.0426,55.6032,38893,0.5409
Alpercata,2255,45,102,7,1433,736,1.9956,4.5233,0.3104,51.3608,7464,0.4758
Alpinópolis,5732,105,95,87,3092,964,1.8318,1.6574,1.5178,31.1772,18973,0.4700
Alterosa,4602,94,69,76,2293,792,2.0426,1.4993,1.6515,34.5399,15233,0.4527
Alto Caparaó,1761,60,88,63,934,398,3.4072,4.9972,3.5775,42.6124,5829,0.4568
Alto Jequitibá,2778,104,78,97,1465,966,3.7437,2.8078,3.4917,65.9386,9195,0.5113
Alto Rio Doce,3675,130,202,103,1890,1317,3.5374,5.4966,2.8027,69.6825,12164,0.4683
Alvarenga,1411,43,106,15,759,447,3.0475,7.5124,1.0631,58.8933,4670,0.5258
Alvinópolis,4689,95,186,20,2478,1025,2.0260,3.9667,0.4265,41.3640,15521,0.4631
Alvorada de Minas,969,58,113,38,922,805,5.9856,11.6615,3.9216,87.3102,3207,0.6221
Amparo do Serra,1480,53,98,36,856,593,3.5811,6.6216,2.4324,69.2757,4899,0.4617
Andradas,12332,192,209,232,5771,1917,1.5569,1.6948,1.8813,33.2178,40819,0.4464
Andrelândia,4043,47,68,26,1904,631,1.1625,1.6819,0.6431,33.1408,13382,0.5153
Angelândia,2114,73,248,153,2036,1483,3.4532,11.7313,7.2375,72.8389,6997,0.5286
Antônio Carlos,3477,65,127,15,1756,720,1.8694,3.6526,0.4314,41.0023,11509,0.4795
Antônio Dias,2886,97,177,37,1810,1111,3.3611,6.1331,1.2821,61.3812,9553,0.4887
Antônio Prado de Minas,556,7,29,4,221,97,1.2590,5.2158,0.7194,43.8914,1840,0.4705
Araçaí,719,6,13,4,383,176,0.8345,1.8081,0.5563,45.9530,2380,0.4315
Aracitaba,701,8,27,0,287,106,1.1412,3.8516,0.0000,36.9338,2320,0.4429
Araçuaí,10178,478,619,270,6888,4466,4.6964,6.0817,2.6528,64.8374,33689,0.5748
Araguari,35874,334,318,259,17330,3729,0.9310,0.8864,0.7220,21.5176,118743,0.4786
Arantina,932,2,14,3,490,59,0.2146,1.5021,0.3219,12.0408,3085,0.4232
Araponga,2385,179,207,108,1582,1300,7.5052,8.6792,4.5283,82.1745,7894,0.4418
Araporã,1796,1,9,0,1157,154,0.0557,0.5011,0.0000,13.3103,5945,0.4183
Arapuá,995,11,17,17,366,64,1.1055,1.7085,1.7085,17.4863,3293,0.4573
Araújos,2484,46,29,45,1472,324,1.8519,1.1675,1.8116,22.0109,8222,0.3610
Araxá,29694,190,236,97,15013,1993,0.6399,0.7948,0.3267,13.2752,98287,0.4844
Arceburgo,2916,23,68,30,1562,417,0.7888,2.3320,1.0288,26.6965,9652,0.3794
Arcos,11755,94,60,31,5363,639,0.7997,0.5104,0.2637,11.9150,38909,0.4372
Areado,4545,42,53,29,2260,564,0.9241,1.1661,0.6381,24.9558,15044,0.4518
Argirita,938,22,28,8,442,166,2.3454,2.9851,0.8529,37.5566,3105,0.3892
Aricanduva,1309,72,116,89,1104,864,5.5004,8.8617,6.7991,78.2609,4333,0.5045
Arinos,5261,190,336,216,3979,2642,3.6115,6.3866,4.1057,66.3986,17414,0.5531
Astolfo Dutra,4131,89,75,53,2018,760,2.1544,1.8155,1.2830,37.6611,13674,0.4175
Ataléia,4420,153,363,179,2810,2012,3.4615,8.2127,4.0498,71.6014,14630,0.4920
Augusto de Lima,1520,48,68,33,952,698,3.1579,4.4737,2.1711,73.3193,5031,0.4268
Baependi,5759,129,190,86,2973,1289,2.2400,3.2992,1.4933,43.3569,19062,0.5054
Baldim,2575,52,62,36,1390,722,2.0194,2.4078,1.3981,51.9424,8523,0.4635
Bambuí,8152,77,87,35,2996,694,0.9446,1.0672,0.4293,23.1642,26983,0.4924
Bandeira,1520,19,119,40,887,640,1.2500,7.8289,2.6316,72.1533,5031,0.4600
Bandeira do Sul,1719,28,26,11,838,174,1.6289,1.5125,0.6399,20.7637,5690,0.3364
Barão de Cocais,8514,33,254,59,5207,1247,0.3876,2.9833,0.6930,23.9485,28181,0.4317
Barão de Monte Alto,1773,19,55,19,898,323,1.0716,3.1021,1.0716,35.9688,5869,0.5039
Barbacena,40590,276,661,181,19571,4681,0.6800,1.6285,0.4459,23.9180,134353,0.5962
Barra Longa,1946,62,62,29,966,719,3.1860,3.1860,1.4902,74.4306,6441,0.4878
Barroso,6151,41,88,16,3356,699,0.6666,1.4307,0.2601,20.8284,20360,0.4946
Bela Vista de Minas,2890,32,78,30,1879,602,1.1073,2.6990,1.0381,32.0383,9566,0.4125
Belmiro Braga,1089,4,80,14,611,341,0.3673,7.3462,1.2856,55.8101,3605,0.4543
Belo Horizonte,768685,3153,5539,1968,347804,44869,0.4102,0.7206,0.2560,12.9007,2544347,0.6106
Belo Oriente,6794,93,224,92,4757,1774,1.3689,3.2970,1.3541,37.2924,22488,0.4383
Belo Vale,2474,67,137,32,1153,673,2.7082,5.5376,1.2935,58.3695,8189,0.4699
Berilo,3305,118,326,64,2368,1742,3.5703,9.8638,1.9365,73.5642,10940,0.4606
Berizal,1252,56,97,12,883,667,4.4728,7.7476,0.9585,75.5379,4144,0.4253
Bertópolis,1277,85,87,51,997,757,6.6562,6.8128,3.9937,75.9278,4227,0.5442
Betim,113785,1089,1848,499,72464,14798,0.9571,1.6241,0.4385,20.4212,376628,0.4840
Bias Fortes,1209,18,44,35,590,333,1.4888,3.6394,2.8950,56.4407,4002,0.4184
Bicas,4656,33,68,4,2085,510,0.7088,1.4605,0.0859,24.4604,15411,0.5489
Biquinhas,978,25,37,8,352,226,2.5562,3.7832,0.8180,64.2045,3237,0.4126
Boa Esperança,11728,111,260,95,6768,2101,0.9465,2.2169,0.8100,31.0431,38820,0.4811
Bocaina de Minas,1791,31,95,43,769,485,1.7309,5.3043,2.4009,63.0689,5928,0.4404
Bocaiúva,13585,326,412,141,9198,4307,2.3997,3.0328,1.0379,46.8254,44966,0.5168
Bom Despacho,14653,115,124,53,7773,1420,0.7848,0.8462,0.3617,18.2684,48501,0.4933
Bom Jardim de Minas,2249,12,79,25,1029,339,0.5336,3.5127,1.1116,32.9446,7444,0.4719
Bom Jesus da Penha,1359,17,8,19,588,241,1.2509,0.5887,1.3981,40.9864,4498,0.4282
Bom Jesus do Amparo,1591,40,69,17,952,500,2.5141,4.3369,1.0685,52.5210,5266,0.4577
Bom Jesus do Galho,4868,182,165,106,2641,1519,3.7387,3.3895,2.1775,57.5161,16113,0.5047
Bom Repouso,3258,108,131,118,1787,1014,3.3149,4.0209,3.6219,56.7431,10784,0.4503
Bom Sucesso,5483,64,156,36,2731,916,1.1672,2.8452,0.6566,33.5408,18149,0.4995
Bonfim,2474,39,136,41,868,521,1.5764,5.4972,1.6572,60.0230,8189,0.4988
Bonfinópolis de Minas,1912,49,56,30,1079,409,2.5628,2.9289,1.5690,37.9055,6329,0.4784
Bonito de Minas,2287,252,285,159,2291,2009,11.0188,12.4617,6.9523,87.6910,7570,0.5708
Borda da Mata,5590,85,81,54,2596,728,1.5206,1.4490,0.9660,28.0431,18503,0.4633
Botelhos,5039,73,83,47,2386,843,1.4487,1.6472,0.9327,35.3311,16679,0.4707
Botumirim,1743,110,154,60,1437,1136,6.3110,8.8353,3.4423,79.0536,5769,0.4629
Brás Pires,1492,51,50,18,795,522,3.4182,3.3512,1.2064,65.6604,4939,0.4487
Brasilândia de Minas,4081,114,223,107,3269,1865,2.7934,5.4643,2.6219,57.0511,13508,0.4433
Brasília de Minas,8605,418,373,158,5979,3709,4.8576,4.3347,1.8361,62.0338,28483,0.5418
Braúnas,1429,42,116,48,849,599,2.9391,8.1176,3.3590,70.5536,4730,0.5416
Brazópolis,4782,76,172,59,2384,942,1.5893,3.5968,1.2338,39.5134,15828,0.5589
Brumadinho,10726,143,294,138,5628,1955,1.3332,2.7410,1.2866,34.7370,35503,0.5720
Bueno Brandão,3651,90,84,86,1644,896,2.4651,2.3007,2.3555,54.5012,12085,0.4456
Buenópolis,3131,115,204,70,1741,1017,3.6729,6.5155,2.2357,58.4147,10364,0.4991
Bugre,1241,37,49,11,717,543,2.9815,3.9484,0.8864,75.7322,4108,0.4376
Buritis,7023,230,519,210,4986,3019,3.2750,7.3900,2.9902,60.5495,23246,0.5720
Buritizeiro,7544,335,521,133,6101,3814,4.4406,6.9062,1.7630,62.5143,24971,0.4269
Cabeceira Grande,2148,71,112,67,1380,835,3.3054,5.2142,3.1192,60.5072,7110,0.4826
Cabo Verde,4347,145,90,55,2248,1064,3.3356,2.0704,1.2652,47.3310,14389,0.4505
Cachoeira da Prata,1116,5,7,6,526,70,0.4480,0.6272,0.5376,13.3080,3694,0.4355
Cachoeira de Minas,3476,68,38,40,1942,770,1.9563,1.0932,1.1507,39.6498,11506,0.4677
Cachoeira de Pajeú,2559,95,245,57,1889,1552,3.7124,9.5741,2.2274,82.1599,8470,0.5230
Cachoeira Dourada,786,0,0,0,437,46,0.0000,0.0000,0.0000,10.5263,2602,0.3546
Caetanópolis,3216,72,76,22,1521,596,2.2388,2.3632,0.6841,39.1847,10645,0.4259
Caeté,12091,141,243,46,7179,2532,1.1662,2.0098,0.3804,35.2695,40021,0.4649
Caiana,1576,49,64,41,957,646,3.1091,4.0609,2.6015,67.5026,5217,0.4210
Cajuri,1202,44,58,22,649,340,3.6606,4.8253,1.8303,52.3883,3979,0.4354
Caldas,4784,103,131,83,2056,1044,2.1530,2.7383,1.7349,50.7782,15835,0.4926
Camacho,989,24,31,5,534,284,2.4267,3.1345,0.5056,53.1835,3274,0.4607
Camanducaia,7061,252,134,166,3780,1465,3.5689,1.8977,2.3509,38.7566,23372,0.5103
Cambuí,9133,85,88,44,3947,864,0.9307,0.9635,0.4818,21.8900,30230,0.4685
Cambuquira,4109,60,150,45,2080,887,1.4602,3.6505,1.0952,42.6442,13601,0.5066
Campanário,1039,38,78,22,700,414,3.6574,7.5072,2.1174,59.1429,3439,0.4514
Campanha,4844,113,181,79,2686,1259,2.3328,3.7366,1.6309,46.8727,16034,0.5086
Campestre,6819,265,237,298,3295,1656,3.8862,3.4756,4.3701,50.2580,22571,0.5248
Campina Verde,6791,168,80,105,2956,1077,2.4739,1.1780,1.5462,36.4344,22478,0.5055
Campo Azul,1026,27,57,55,768,628,2.6316,5.5556,5.3606,81.7708,3396,0.4836
Campo Belo,17427,166,209,99,8058,1758,0.9525,1.1993,0.5681,21.8168,57683,0.4752
Campo do Meio,3613,52,71,35,1983,650,1.4392,1.9651,0.9687,32.7786,11959,0.4220
Campo Florido,2206,37,84,43,1378,631,1.6772,3.8078,1.9492,45.7910,7302,0.5251
Campos Altos,4379,89,134,67,2821,866,2.0324,3.0601,1.5300,30.6983,14494,0.4052
Campos Gerais,8657,174,349,236,5229,2721,2.0099,4.0314,2.7261,52.0367,28655,0.4514
Cana Verde,1849,14,41,15,899,281,0.7572,2.2174,0.8112,31.2570,6120,0.4336
Canaã,1454,38,43,23,709,473,2.6135,2.9574,1.5818,66.7137,4813,0.5035
Canápolis,3722,30,63,11,1783,430,0.8060,1.6926,0.2955,24.1167,12320,0.5062
Candeias,5090,50,95,67,1945,903,0.9823,1.8664,1.3163,46.4267,16848,0.4831
Cantagalo,1191,65,121,41,851,622,5.4576,10.1595,3.4425,73.0905,3942,0.4204
Caparaó,1591,95,72,65,1101,789,5.9711,4.5255,4.0855,71.6621,5266,0.4431
Capela Nova,1454,36,89,28,702,510,2.4759,6.1210,1.9257,72.6496,4813,0.4462
Capelinha,10020,423,564,306,7836,4694,4.2216,5.6287,3.0539,59.9030,33166,0.5335
Capetinga,2347,33,58,29,1275,436,1.4061,2.4712,1.2356,34.1961,7769,0.4324
Capim Branco,2691,27,110,24,1541,704,1.0033,4.0877,0.8919,45.6846,8907,0.4063
Capinópolis,5057,50,68,30,2640,606,0.9887,1.3447,0.5932,22.9545,16739,0.5936
Capitão Andrade,1583,30,49,33,1017,561,1.8951,3.0954,2.0846,55.1622,5240,0.5145
Capitão Enéas,3678,191,278,53,3205,2126,5.1930,7.5585,1.4410,66.3339,12174,0.4724
Capitólio,2795,21,54,36,1235,411,0.7513,1.9320,1.2880,33.2794,9251,0.4049
Caputira,2649,109,160,72,1836,1301,4.1148,6.0400,2.7180,70.8606,8768,0.5718
Caraí,5871,364,661,265,5365,4249,6.2000,11.2587,4.5137,79.1985,19433,0.5365
Caranaíba,909,19,79,11,547,335,2.0902,8.6909,1.2101,61.2431,3009,0.4423
Carandaí,6888,85,123,99,3905,1262,1.2340,1.7857,1.4373,32.3175,22799,0.4786
Carangola,11158,136,169,197,5382,1946,1.2189,1.5146,1.7655,36.1576,36933,0.4904
Caratinga,27248,660,457,319,15173,5401,2.4222,1.6772,1.1707,35.5961,90191,0.5466
Carbonita,3005,19,140,58,1751,812,0.6323,4.6589,1.9301,46.3735,9947,0.4701
Careaçu,1996,20,42,6,1132,330,1.0020,2.1042,0.3006,29.1519,6607,0.4077
Carlos Chagas,6308,203,312,101,3364,1434,3.2181,4.9461,1.6011,42.6278,20879,0.5448
Carmésia,752,10,44,19,467,263,1.3298,5.8511,2.5266,56.3169,2489,0.4810
Carmo da Cachoeira,3518,89,201,42,2275,1059,2.5298,5.7135,1.1939,46.5495,11645,0.4575
Carmo da Mata,3537,77,56,24,1714,508,2.1770,1.5833,0.6785,29.6383,11707,0.4043
Carmo de Minas,3957,66,163,32,2709,1194,1.6679,4.1193,0.8087,44.0753,13098,0.4798
Carmo do Cajuru,6380,42,111,75,3325,685,0.6583,1.7398,1.1755,20.6015,21118,0.4463
Carmo do Paranaíba,10138,154,207,130,4830,1267,1.5190,2.0418,1.2823,26.2319,33557,0.5113
Carmo do Rio Claro,6653,88,27,82,3328,1185,1.3227,0.4058,1.2325,35.6070,22021,0.5201
Carmópolis de Minas,5055,105,131,173,2833,943,2.0772,2.5915,3.4224,33.2863,16732,0.4635
Carneirinho,3286,43,51,61,1535,595,1.3086,1.5520,1.8564,38.7622,10877,0.5397
Carrancas,1233,22,36,17,656,288,1.7843,2.9197,1.3788,43.9024,4081,0.5429
Carvalhópolis,1101,5,29,18,579,187,0.4541,2.6340,1.6349,32.2971,3644,0.4319
Carvalhos,1537,56,69,13,622,379,3.6435,4.4893,0.8458,60.9325,5087,0.5310
Casa Grande,615,20,21,6,377,228,3.2520,3.4146,0.9756,60.4775,2036,0.4035
Cascalho Rico,1045,14,18,18,466,247,1.3397,1.7225,1.7225,53.0043,3459,0.4935
Cássia,5809,89,123,78,2888,925,1.5321,2.1174,1.3427,32.0291,19228,0.4825
Cataguases,23334,165,418,43,10406,2424,0.7071,1.7914,0.1843,23.2943,77236,0.5120
Catas Altas,1438,10,44,9,896,250,0.6954,3.0598,0.6259,27.9018,4760,0.3920
Catas Altas da Noruega,910,30,94,34,609,470,3.2967,10.3297,3.7363,77.1757,3012,0.4437
Catuji,1796,111,263,63,1642,1351,6.1804,14.6437,3.5078,82.2777,5945,0.5546
Catuti,1488,48,73,68,1037,799,3.2258,4.9059,4.5699,77.0492,4925,0.5054
Caxambu,7190,68,140,39,3337,841,0.9458,1.9471,0.5424,25.2023,23799,0.6667
Cedro do Abaeté,445,8,12,9,197,111,1.7978,2.6966,2.0225,56.3452,1473,0.4093
Central de Minas,2330,52,74,42,1149,457,2.2318,3.1760,1.8026,39.7737,7712,0.6067
Centralina,3245,99,74,57,1667,856,3.0508,2.2804,1.7565,51.3497,10741,0.4041
Chácara,965,7,39,1,427,222,0.7254,4.0415,0.1036,51.9906,3194,0.4403
Chalé,1829,59,73,60,979,638,3.2258,3.9913,3.2805,65.1685,6054,0.4573
Chapada do Norte,3705,180,516,81,3402,2787,4.8583,13.9271,2.1862,81.9224,12264,0.4734
Chapada Gaúcha,2563,121,282,197,2695,2040,4.7210,11.0027,7.6863,75.6957,8484,0.5108
Chiador,885,14,42,4,495,206,1.5819,4.7458,0.4520,41.6162,2929,0.6223
Cipotânea,1840,127,114,71,1052,794,6.9022,6.1957,3.8587,75.4753,6090,0.5060
Claraval,1445,45,48,31,830,385,3.1142,3.3218,2.1453,46.3855,4783,0.4299
Claro dos Poções,2420,65,54,63,1327,772,2.6860,2.2314,2.6033,58.1763,8010,0.4279
Cláudio,7835,91,165,69,4369,982,1.1615,2.1059,0.8807,22.4765,25934,0.4053
Coimbra,2366,31,92,38,1198,606,1.3102,3.8884,1.6061,50.5843,7831,0.4543
Coluna,2533,171,226,87,1924,1531,6.7509,8.9222,3.4347,79.5738,8384,0.5078
Comendador Gomes,1002,15,12,34,562,301,1.4970,1.1976,3.3932,53.5587,3317,0.4510
Comercinho,2399,89,204,121,1617,1290,3.7099,8.5035,5.0438,79.7774,7941,0.4940
Conceição da Aparecida,3211,56,46,57,1778,972,1.7440,1.4326,1.7751,54.6682,10628,0.4584
Conceição da Barra de Minas,1215,40,22,7,643,316,3.2922,1.8107,0.5761,49.1446,4022,0.4992
Conceição das Alagoas,7181,53,236,47,4530,1385,0.7381,3.2865,0.6545,30.5740,23769,0.5263
Conceição das Pedras,855,23,22,0,415,201,2.6901,2.5731,0.0000,48.4337,2830,0.4869
Conceição de Ipanema,1458,31,29,56,729,540,2.1262,1.9890,3.8409,74.0741,4826,0.5422
Conceição do Mato Dentro,5122,145,396,132,3649,2419,2.8309,7.7314,2.5771,66.2921,16954,0.4975
Conceição do Pará,1654,36,20,22,886,319,2.1765,1.2092,1.3301,36.0045,5475,0.4235
Conceição do Rio Verde,4038,119,159,47,2448,998,2.9470,3.9376,1.1639,40.7680,13366,0.5307
Conceição dos Ouros,3226,18,46,29,1893,508,0.5580,1.4259,0.8989,26.8357,10678,0.3894
Cônego Marinho,1829,73,194,106,1448,1222,3.9913,10.6069,5.7955,84.3923,6054,0.5294
Confins,1714,27,50,10,992,354,1.5753,2.9172,0.5834,35.6855,5673,0.4546
Congonhal,3481,61,72,78,1550,468,1.7524,2.0684,2.2407,30.1935,11522,0.4576
Congonhas,14143,63,310,37,8305,2008,0.4455,2.1919,0.2616,24.1782,46813,0.5052
Congonhas do Norte,1449,91,117,17,979,737,6.2802,8.0745,1.1732,75.2809,4796,0.4990
Conquista,2120,12,40,10,1094,283,0.5660,1.8868,0.4717,25.8684,7017,0.4478
Conselheiro Lafaiete,35450,310,667,122,18375,3296,0.8745,1.8815,0.3441,17.9374,117340,0.4988
Conselheiro Pena,7533,128,292,100,4016,1592,1.6992,3.8763,1.3275,39.6414,24934,0.5175
Consolação,563,21,8,17,269,162,3.7300,1.4210,3.0195,60.2230,1864,0.3731
Contagem,187429,1310,2115,588,100940,15460,0.6989,1.1284,0.3137,15.3160,620390,0.4953
Coqueiral,2894,45,103,20,1606,729,1.5549,3.5591,0.6911,45.3923,9579,0.4901
Coração de Jesus,7767,356,327,434,5022,3910,4.5835,4.2101,5.5877,77.8574,25709,0.4975
Cordisburgo,2716,79,81,33,1322,873,2.9087,2.9823,1.2150,66.0363,8990,0.4606
Cordislândia,1095,23,41,13,650,247,2.1005,3.7443,1.1872,38.0000,3624,0.4573
Corinto,7429,129,290,29,4385,2067,1.7364,3.9036,0.3904,47.1380,24590,0.5454
Coroaci,2997,124,179,78,1831,1321,4.1375,5.9726,2.6026,72.1464,9920,0.5062
Coromandel,9761,135,245,117,4321,1708,1.3831,2.5100,1.1986,39.5279,32309,0.5130
Coronel Fabriciano,31912,330,549,127,17752,4474,1.0341,1.7204,0.3980,25.2028,105629,0.4983
Coronel Murta,2538,53,111,67,1690,1152,2.0883,4.3735,2.6399,68.1657,8401,0.4929
Coronel Pacheco,927,11,42,6,436,200,1.1866,4.5307,0.6472,45.8716,3068,0.4238
Coronel Xavier Chaves,996,17,59,9,529,257,1.7068,5.9237,0.9036,48.5822,3297,0.5335
Córrego Danta,1216,13,23,2,512,247,1.0691,1.8914,0.1645,48.2422,4025,0.4815
Córrego do Bom Jesus,1299,16,19,6,522,238,1.2317,1.4627,0.4619,45.5939,4300,0.3851
Córrego Fundo,1818,30,37,10,958,389,1.6502,2.0352,0.5501,40.6054,6018,0.3288
Córrego Novo,998,20,18,19,581,264,2.0040,1.8036,1.9038,45.4389,3303,0.4347
Couto de Magalhães de Minas,1234,22,42,2,770,262,1.7828,3.4036,0.1621,34.0260,4085,0.4684
Crisólita,1757,98,120,48,1356,943,5.5777,6.8298,2.7319,69.5428,5816,0.5154
Cristais,3749,99,69,31,1947,647,2.6407,1.8405,0.8269,33.2306,12409,0.5835
Cristália,1489,89,101,34,1606,1150,5.9772,6.7831,2.2834,71.6065,4929,0.5239
Cristiano Otoni,1417,13,45,10,934,368,0.9174,3.1757,0.7057,39.4004,4690,0.4465
Cristina,3131,65,98,66,1699,891,2.0760,3.1300,2.1080,52.4426,10364,0.4427
Crucilândia,1614,27,63,45,748,332,1.6729,3.9033,2.7881,44.3850,5342,0.4349
Cruzeiro da Fortaleza,1246,26,44,7,732,254,2.0867,3.5313,0.5618,34.6995,4124,0.5939
Cruzília,4572,43,181,67,2364,760,0.9405,3.9589,1.4654,32.1489,15133,0.4966
Cuparaque,1571,29,41,20,887,366,1.8460,2.6098,1.2731,41.2627,5200,0.4842
Curral de Dentro,1961,79,171,27,1557,1049,4.0286,8.7200,1.3768,67.3732,6491,0.5476
Curvelo,23067,295,760,181,13102,5107,1.2789,3.2948,0.7847,38.9788,76352,0.5213
Datas,1408,60,113,53,997,517,4.2614,8.0256,3.7642,51.8556,4660,0.4228
Delfim Moreira,2446,98,146,68,1331,778,4.0065,5.9689,2.7800,58.4523,8096,0.4534
Delfinópolis,2250,45,40,21,1234,417,2.0000,1.7778,0.9333,33.7925,7448,0.4757
Delta,2619,53,80,20,1753,440,2.0237,3.0546,0.7637,25.0998,8669,0.4117
Descoberto,1596,37,40,12,767,238,2.3183,2.5063,0.7519,31.0300,5283,0.4591
Desterro de Entre Rios,2363,44,72,29,1005,544,1.8620,3.0470,1.2273,54.1294,7822,0.4177
Desterro do Melo,971,18,60,36,421,259,1.8538,6.1792,3.7075,61.5202,3214,0.4617
Diamantina,13031,313,615,210,8285,3850,2.4020,4.7195,1.6115,46.4695,43133,0.5713
Diogo de Vasconcelos,1182,53,95,28,701,540,4.4839,8.0372,2.3689,77.0328,3912,0.5082
Dionísio,2660,20,50,11,1361,564,0.7519,1.8797,0.4135,41.4401,8805,0.4582
Divinésia,1043,30,24,18,593,272,2.8763,2.3011,1.7258,45.8685,3452,0.4026
Divino,6170,222,276,236,3870,2449,3.5981,4.4733,3.8250,63.2817,20423,0.5418
Divino das Laranjeiras,1602,23,51,17,885,434,1.4357,3.1835,1.0612,49.0395,5303,0.4505
Divinolândia de Minas,1929,80,129,68,1358,814,4.1472,6.6874,3.5251,59.9411,6385,0.4433
Divinópolis,67413,367,502,227,32883,4424,0.5444,0.7447,0.3367,13.4538,223137,0.4797
Divisa Alegre,1650,52,141,57,1433,951,3.1515,8.5455,3.4545,66.3643,5462,0.5048
Divisa Nova,1788,47,33,25,1081,422,2.6286,1.8456,1.3982,39.0379,5918,0.3952
Divisópolis,2423,115,279,33,1796,1311,4.7462,11.5147,1.3619,72.9955,8020,0.4569
Dom Bosco,1247,17,43,42,752,489,1.3633,3.4483,3.3681,65.0266,4128,0.4267
Dom Cavati,1713,31,24,21,886,356,1.8097,1.4011,1.2259,40.1806,5670,0.4487
Dom Joaquim,1336,64,94,39,835,511,4.7904,7.0359,2.9192,61.1976,4422,0.5453
Dom Silvério,1727,21,17,21,690,329,1.2160,0.9844,1.2160,47.6812,5716,0.4177
Dom Viçoso,972,12,13,9,460,200,1.2346,1.3374,0.9259,43.4783,3217,0.4153
Dona Euzébia,1896,48,83,55,992,402,2.5316,4.3776,2.9008,40.5242,6276,0.4163
Dores de Campos,3027,68,71,57,1480,369,2.2464,2.3456,1.8831,24.9324,10019,0.3997
Dores de Guanhães,1488,59,121,36,973,777,3.9651,8.1317,2.4194,79.8561,4925,0.4926
Dores do Indaiá,5056,68,68,36,2072,526,1.3449,1.3449,0.7120,25.3861,16735,0.4710
Dores do Turvo,1376,71,93,11,749,541,5.1599,6.7587,0.7994,72.2296,4555,0.4669
Doresópolis,495,2,14,1,232,73,0.4040,2.8283,0.2020,31.4655,1638,0.3953
Douradoquara,672,11,5,25,280,99,1.6369,0.7440,3.7202,35.3571,2224,0.4930
Durandé,2192,151,101,178,1571,1181,6.8887,4.6077,8.1204,75.1750,7256,0.4343
Elói Mendes,7784,166,216,156,4567,1635,2.1326,2.7749,2.0041,35.8003,25765,0.4790
Engenheiro Caldas,3208,77,128,71,2093,942,2.4002,3.9900,2.2132,45.0072,10618,0.5006
Engenheiro Navarro,2062,58,108,51,1391,918,2.8128,5.2376,2.4733,65.9957,6825,0.4304
Entre Folhas,1649,59,54,26,905,491,3.5779,3.2747,1.5767,54.2541,5458,0.4803
Entre Rios de Minas,4306,58,145,38,2190,935,1.3470,3.3674,0.8825,42.6941,14253,0.5007
Ervália,5734,240,247,178,3165,2020,4.1856,4.3076,3.1043,63.8231,18980,0.4654
Esmeraldas,17792,681,880,238,12679,6997,3.8276,4.9460,1.3377,55.1857,58892,0.4437
Espera Feliz,7512,237,285,286,4250,2465,3.1550,3.7939,3.8072,58.0000,24865,0.5093
Espinosa,8542,523,526,376,5808,4541,6.1227,6.1578,4.4018,78.1853,28274,0.4586
Espírito Santo do Dourado,1453,44,20,39,603,322,3.0282,1.3765,2.6841,53.3997,4809,0.3689
Estiva,3430,82,59,114,1657,749,2.3907,1.7201,3.3236,45.2022,11353,0.3957
Estrela Dalva,827,2,40,10,381,193,0.2418,4.8368,1.2092,50.6562,2737,0.5966
Estrela do Indaiá,1233,22,49,9,540,307,1.7843,3.9740,0.7299,56.8519,4081,0.4748
Estrela do Sul,2476,40,63,30,1261,457,1.6155,2.5444,1.2116,36.2411,8196,0.4473
Eugenópolis,3620,56,82,29,1636,617,1.5470,2.2652,0.8011,37.7139,11982,0.4578
Ewbank da Câmara,1092,0,14,0,688,127,0.0000,1.2821,0.0000,18.4593,3615,0.3693
Extrema,9160,71,138,21,4781,1025,0.7751,1.5066,0.2293,21.4390,30320,0.4015
Fama,822,17,24,12,343,155,2.0681,2.9197,1.4599,45.1895,2721,0.4685
Faria Lemos,1127,13,37,26,596,310,1.1535,3.2831,2.3070,52.0134,3730,0.5150
Felício dos Santos,1494,53,195,69,1082,901,3.5475,13.0522,4.6185,83.2717,4945,0.4627
Felisburgo,2053,67,182,59,1362,798,3.2635,8.8651,2.8738,58.5903,6795,0.5288
Felixlândia,4561,90,268,71,2578,1594,1.9733,5.8759,1.5567,61.8309,15097,0.4600
Fernandes Tourinho,983,28,44,4,549,283,2.8484,4.4761,0.4069,51.5483,3254,0.4209
Ferros,3409,147,231,77,2001,1680,4.3121,6.7762,2.2587,83.9580,11284,0.5258
Fervedouro,3121,113,230,67,2181,1588,3.6206,7.3694,2.1467,72.8106,10331,0.4825
Florestal,2059,28,72,25,1091,405,1.3599,3.4968,1.2142,37.1219,6815,0.4861
Formiga,21841,214,162,94,9219,1493,0.9798,0.7417,0.4304,16.1948,72294,0.4900
Formoso,2250,102,158,103,1759,1301,4.5333,7.0222,4.5778,73.9625,7448,0.5614
Fortaleza de Minas,1391,28,28,9,733,232,2.0129,2.0129,0.6470,31.6508,4604,0.4256
Fortuna de Minas,822,9,18,14,469,236,1.0949,2.1898,1.7032,50.3198,2721,0.4255
Francisco Badaró,2823,91,237,95,1711,1326,3.2235,8.3953,3.3652,77.4985,9344,0.4689
Francisco Dumont,1506,88,83,16,1020,746,5.8433,5.5113,1.0624,73.1373,4985,0.4495
Francisco Sá,7212,232,366,164,4855,3313,3.2169,5.0749,2.2740,68.2389,23872,0.5353
Franciscópolis,1667,82,162,71,1253,846,4.9190,9.7181,4.2591,67.5180,5518,0.5096
Frei Gaspar,1710,65,140,36,1260,875,3.8012,8.1871,2.1053,69.4444,5660,0.4375
Frei Inocêncio,2733,45,165,39,1877,920,1.6465,6.0373,1.4270,49.0144,9046,0.4710
Frei Lagonegro,904,60,122,8,659,560,6.6372,13.4956,0.8850,84.9772,2992,0.5062
Fronteira,4673,64,59,79,2748,582,1.3696,1.2626,1.6906,21.1790,15468,0.4488
Fronteira dos Vales,1407,58,65,28,973,631,4.1222,4.6198,1.9900,64.8510,4657,0.4609
Fruta de Leite,1592,152,191,64,1467,1286,9.5477,11.9975,4.0201,87.6619,5270,0.4796
Frutal,18219,180,272,105,8491,2414,0.9880,1.4929,0.5763,28.4301,60305,0.4830
Funilândia,1203,34,50,3,749,370,2.8263,4.1563,0.2494,49.3992,3982,0.4631
Galiléia,2292,63,64,41,1328,619,2.7487,2.7923,1.7888,46.6114,7587,0.5090
Gameleiras,1485,54,97,35,936,782,3.6364,6.5320,2.3569,83.5470,4915,0.5062
Glaucilândia,854,24,22,3,541,382,2.8103,2.5761,0.3513,70.6100,2827,0.4418
Goiabeira,1058,19,26,9,579,241,1.7958,2.4575,0.8507,41.6235,3502,0.4867
Goianá,1215,6,35,15,582,242,0.4938,2.8807,1.2346,41.5808,4022,0.4705
Gonçalves,1383,16,37,27,690,385,1.1569,2.6753,1.9523,55.7971,4578,0.4581
Gonzaga,1529,60,111,34,1186,775,3.9241,7.2596,2.2237,65.3457,5061,0.5130
Gouveia,3377,71,138,30,1910,863,2.1025,4.0865,0.8884,45.1832,11178,0.4554
Governador Valadares,83051,830,1509,418,47619,10978,0.9994,1.8170,0.5033,23.0538,274899,0.5377
Grão Mogol,3930,256,421,184,3161,2403,6.5140,10.7125,4.6819,76.0202,13008,0.4816
Grupiara,507,5,8,4,210,62,0.9862,1.5779,0.7890,29.5238,1678,0.4063
Guanhães,9405,225,481,136,5645,2588,2.3923,5.1143,1.4460,45.8459,31131,0.5713
Guapé,4461,51,97,46,2325,941,1.1432,2.1744,1.0312,40.4731,14766,0.3993
Guaraciaba,2977,102,157,111,1552,1122,3.4263,5.2738,3.7286,72.2938,9854,0.4872
Guaraciama,1440,27,23,40,839,453,1.8750,1.5972,2.7778,53.9928,4766,0.4206
Guaranésia,6112,55,125,53,2940,773,0.8999,2.0452,0.8671,26.2925,20231,0.4084
Guarani,2746,74,97,25,1332,618,2.6948,3.5324,0.9104,46.3964,9089,0.4936
Guarará,1269,12,31,7,655,234,0.9456,2.4429,0.5516,35.7252,4200,0.4165
Guarda-Mor,2098,55,75,23,1247,746,2.6215,3.5748,1.0963,59.8236,6944,0.5353
Guaxupé,15800,177,273,81,7545,1632,1.1203,1.7278,0.5127,21.6302,52298,0.4868
Guidoval,2318,41,54,51,1133,418,1.7688,2.3296,2.2002,36.8932,7673,0.3874
Guimarânia,2261,35,73,39,1333,440,1.5480,3.2287,1.7249,33.0083,7484,0.4850
Guiricema,2924,58,55,64,1244,756,1.9836,1.8810,2.1888,60.7717,9678,0.4220
Gurinhatã,2243,57,53,65,924,539,2.5412,2.3629,2.8979,58.3333,7424,0.4896
Heliodora,1986,34,41,6,1048,414,1.7120,2.0645,0.3021,39.5038,6574,0.4136
Iapu,3297,83,89,43,1816,942,2.5174,2.6994,1.3042,51.8722,10913,0.5244
Ibertioga,1551,31,49,18,852,449,1.9987,3.1593,1.1605,52.6995,5134,0.4322
Ibiá,7747,89,110,33,4019,1071,1.1488,1.4199,0.4260,26.6484,25643,0.5166
Ibiaí,2237,106,199,68,1680,1285,4.7385,8.8958,3.0398,76.4881,7404,0.5025
Ibiracatu,1665,72,175,37,1284,999,4.3243,10.5105,2.2222,77.8037,5511,0.5129
Ibiraci,3789,103,93,70,2309,819,2.7184,2.4545,1.8475,35.4699,12542,0.4286
Ibirité,46400,548,905,248,32309,7539,1.1810,1.9504,0.5345,23.3341,153584,0.4501
Ibitiúra de Minas,1168,59,13,16,539,227,5.0514,1.1130,1.3699,42.1150,3866,0.4059
Ibituruna,886,2,21,2,524,131,0.2257,2.3702,0.2257,25.0000,2933,0.4244
Icaraí de Minas,2559,210,244,190,2321,1868,8.2063,9.5350,7.4248,80.4826,8470,0.5059
Igarapé,10491,169,372,69,6790,2650,1.6109,3.5459,0.6577,39.0280,34725,0.4759
Igaratinga,2790,149,100,87,1711,573,5.3405,3.5842,3.1183,33.4892,9235,0.3784
Iguatama,2748,29,71,29,1042,286,1.0553,2.5837,1.0553,27.4472,9096,0.4308
Ijaci,1692,21,22,4,1065,252,1.2411,1.3002,0.2364,23.6620,5601,0.4174
Ilicínea,3646,61,68,42,2067,576,1.6731,1.8651,1.1519,27.8665,12068,0.4000
Imbé de Minas,1923,85,128,80,1283,1039,4.4202,6.6563,4.1602,80.9821,6365,0.4439
Inconfidentes,2253,52,78,32,990,427,2.3080,3.4621,1.4203,43.1313,7457,0.4915
Indaiabira,1944,125,196,73,1470,1209,6.4300,10.0823,3.7551,82.2449,6435,0.4840
Indianópolis,1951,40,92,22,1190,635,2.0502,4.7155,1.1276,53.3613,6458,0.4079
Ingaí,814,27,30,25,453,262,3.3170,3.6855,3.0713,57.8366,2694,0.5229
Inhapim,7726,308,291,331,4374,2737,3.9865,3.7665,4.2842,62.5743,25573,0.5330
Inhaúma,1656,45,78,22,1028,510,2.7174,4.7101,1.3285,49.6109,5481,0.4416
Inimutaba,2056,59,85,19,1185,698,2.8696,4.1342,0.9241,58.9030,6805,0.4267
Ipaba,5079,125,150,73,3546,1375,2.4611,2.9533,1.4373,38.7761,16811,0.4056
Ipanema,6065,95,188,89,3087,1447,1.5664,3.0998,1.4674,46.8740,20075,0.5237
Ipatinga,73726,574,663,198,40334,6223,0.7786,0.8993,0.2686,15.4287,244033,0.5236
Ipiaçu,1420,8,17,5,628,128,0.5634,1.1972,0.3521,20.3822,4700,0.4416
Ipuiúna,3069,83,50,79,1564,788,2.7045,1.6292,2.5741,50.3836,10158,0.5357
Iraí de Minas,2016,63,63,32,1221,419,3.1250,3.1250,1.5873,34.3161,6673,0.4839
Itabira,31930,254,608,241,18078,4523,0.7955,1.9042,0.7548,25.0194,105688,0.5212
Itabirinha,3277,119,134,26,1981,1018,3.6314,4.0891,0.7934,51.3882,10847,0.4904
Itabirito,13419,79,307,52,7655,1366,0.5887,2.2878,0.3875,17.8445,44417,0.4829
Itacambira,1289,97,78,34,952,764,7.5252,6.0512,2.6377,80.2521,4267,0.4992
Itacarambi,4384,259,428,103,4108,2930,5.9078,9.7628,2.3495,71.3242,14511,0.5100
Itaguara,4055,66,62,68,1964,559,1.6276,1.5290,1.6769,28.4623,13422,0.4414
Itaipé,3081,213,426,190,2914,2391,6.9133,13.8267,6.1668,82.0522,10198,0.4875
Itajubá,28495,128,307,44,14321,2526,0.4492,1.0774,0.1544,17.6384,94318,0.5571
Itamarandiba,9106,325,566,366,7284,4419,3.5691,6.2157,4.0193,60.6672,30141,0.5172
Itamarati de Minas,1301,7,37,5,508,170,0.5380,2.8440,0.3843,33.4646,4306,0.3959
Itambacuri,6625,219,539,226,4707,3049,3.3057,8.1358,3.4113,64.7759,21929,0.5228
Itambé do Mato Dentro,694,15,30,5,350,244,2.1614,4.3228,0.7205,69.7143,2297,0.4174
Itamogi,3465,66,71,42,1594,589,1.9048,2.0491,1.2121,36.9511,11469,0.4161
Itamonte,4296,50,158,87,2324,1020,1.1639,3.6778,2.0251,43.8898,14220,0.4702
Itanhandu,4410,51,57,19,2302,481,1.1565,1.2925,0.4308,20.8949,14597,0.5114
Itanhomi,3826,125,114,54,2082,738,3.2671,2.9796,1.4114,35.4467,12664,0.5689
Itaobim,6244,164,624,196,4106,2748,2.6265,9.9936,3.1390,66.9264,20668,0.5140
Itapagipe,4578,69,123,69,1781,626,1.5072,2.6868,1.5072,35.1488,15153,0.4603
Itapecerica,7030,119,114,89,3115,903,1.6927,1.6216,1.2660,28.9888,23269,0.4540
Itapeva,2806,56,88,36,1444,730,1.9957,3.1361,1.2830,50.5540,9288,0.4851
Itatiaiuçu,3078,55,188,35,1829,779,1.7869,6.1079,1.1371,42.5916,10188,0.4099
Itaú de Minas,4803,15,16,9,2331,340,0.3123,0.3331,0.1874,14.5860,15898,0.5678
Itaúna,27122,154,201,151,12943,1748,0.5678,0.7411,0.5567,13.5054,89774,0.4924
Itaverava,1650,60,138,61,1093,837,3.6364,8.3636,3.6970,76.5782,5462,0.4780
Itinga,3790,141,477,110,3156,2303,3.7203,12.5858,2.9024,72.9721,12545,0.5079
Itueta,1860,24,61,35,985,479,1.2903,3.2796,1.8817,48.6294,6157,0.5219
Ituiutaba,32707,172,305,262,14945,3242,0.5259,0.9325,0.8011,21.6929,108260,0.5093
Itumirim,1862,28,30,10,994,401,1.5038,1.6112,0.5371,40.3421,6163,0.5362
Iturama,11403,62,161,52,5877,1227,0.5437,1.4119,0.4560,20.8780,37744,0.4713
Itutinga,1312,15,30,28,627,291,1.1433,2.2866,2.1341,46.4115,4343,0.5592
Jaboticatubas,5482,131,361,85,2974,1928,2.3896,6.5852,1.5505,64.8285,18145,0.5582
Jacinto,3795,90,157,56,2255,1363,2.3715,4.1370,1.4756,60.4435,12561,0.4899
Jacuí,2540,40,72,54,1238,624,1.5748,2.8346,2.1260,50.4039,8407,0.4124
Jacutinga,7217,112,71,77,3889,1028,1.5519,0.9838,1.0669,26.4335,23888,0.4326
Jaguaraçu,906,11,19,6,504,172,1.2141,2.0971,0.6623,34.1270,2999,0.4164
Jaíba,8991,482,665,344,7838,5337,5.3609,7.3963,3.8260,68.0913,29760,0.4676
Jampruca,1505,28,122,44,1002,676,1.8605,8.1063,2.9236,67.4651,4982,0.4841
Janaúba,18617,638,1212,450,13220,8132,3.4270,6.5102,2.4171,61.5129,61622,0.5405
Januária,17603,867,1429,493,14474,10560,4.9253,8.1179,2.8007,72.9584,58266,0.5663
Japaraíba,1202,24,35,33,753,210,1.9967,2.9118,2.7454,27.8884,3979,0.3723
Japonvar,2315,91,120,93,1642,1204,3.9309,5.1836,4.0173,73.3252,7663,0.4662
Jeceaba,1686,25,74,21,805,407,1.4828,4.3891,1.2456,50.5590,5581,0.4810
Jenipapo de Minas,1761,73,238,38,1531,1170,4.1454,13.5150,2.1579,76.4206,5829,0.4589
Jequeri,4088,186,235,83,2198,1449,4.5499,5.7485,2.0303,65.9236,13531,0.5044
Jequitaí,2529,97,137,42,1383,989,3.8355,5.4172,1.6607,71.5112,8371,0.4802
Jequitibá,1590,52,79,75,892,677,3.2704,4.9686,4.7170,75.8969,5263,0.7832
Jequitinhonha,7238,298,666,248,4934,3565,4.1172,9.2014,3.4264,72.2537,23958,0.5509
Jesuânia,1570,36,59,26,710,295,2.2930,3.7580,1.6561,41.5493,5197,0.4862
Joaíma,4166,230,428,175,3364,2286,5.5209,10.2736,4.2007,67.9548,13789,0.5385
Joanésia,1674,37,103,43,849,614,2.2103,6.1529,2.5687,72.3204,5541,0.4999
João Monlevade,22292,147,166,0,11687,2191,0.6594,0.7447,0.0000,18.7473,73787,0.4960
João Pinheiro,13836,469,483,335,8641,3224,3.3897,3.4909,2.4212,37.3105,45797,0.5073
Joaquim Felício,1255,52,96,34,789,518,4.1434,7.6494,2.7092,65.6527,4154,0.5314
Jordânia,3048,121,220,74,2053,1310,3.9698,7.2178,2.4278,63.8091,10089,0.5163
José Gonçalves de Minas,1147,59,97,84,992,697,5.1439,8.4568,7.3235,70.2621,3797,0.4157
José Raydan,1302,46,131,49,854,653,3.5330,10.0614,3.7634,76.4637,4310,0.4902
Josenópolis,1209,109,85,57,1160,799,9.0157,7.0306,4.7146,68.8793,4002,0.4621
Juatuba,6895,62,336,42,4239,1522,0.8992,4.8731,0.6091,35.9047,22822,0.4854
Juiz de Fora,172973,1297,2375,735,75207,13559,0.7498,1.3730,0.4249,18.0289,572541,0.5655
Juramento,1204,30,49,48,787,443,2.4917,4.0698,3.9867,56.2897,3985,0.4324
Juruaia,2847,138,99,174,1504,818,4.8472,3.4773,6.1117,54.3883,9424,0.6452
Juvenília,1515,116,146,22,1289,991,7.6568,9.6370,1.4521,76.8813,5015,0.5434
Ladainha,4306,357,536,192,4189,3704,8.2908,12.4477,4.4589,88.4221,14253,0.5624
Lagamar,2690,25,51,38,1197,402,0.9294,1.8959,1.4126,33.5840,8904,0.5023
Lagoa da Prata,14331,106,130,129,7882,1455,0.7397,0.9071,0.9001,18.4598,47436,0.4607
Lagoa dos Patos,1195,51,115,35,860,637,4.2678,9.6234,2.9289,74.0698,3955,0.4421
Lagoa Dourada,3287,83,137,43,2333,1152,2.5251,4.1679,1.3082,49.3785,10880,0.5345
Lagoa Formosa,5672,75,71,119,2655,839,1.3223,1.2518,2.0980,31.6008,18774,0.5019
Lagoa Grande,2827,74,49,59,1620,865,2.6176,1.7333,2.0870,53.3951,9357,0.5023
Lagoa Santa,15875,328,358,114,9279,2968,2.0661,2.2551,0.7181,31.9862,52546,0.5874
Lajinha,6180,212,264,134,3729,2401,3.4304,4.2718,2.1683,64.3872,20456,0.5123
Lambari,6458,136,169,79,3341,1362,2.1059,2.6169,1.2233,40.7662,21376,0.4933
Lamim,1068,16,75,20,620,462,1.4981,7.0225,1.8727,74.5161,3535,0.4569
Laranjal,2093,33,53,7,912,280,1.5767,2.5323,0.3344,30.7018,6928,0.5139
Lassance,1991,75,161,78,1331,978,3.7670,8.0864,3.9176,73.4786,6590,0.4577
Lavras,29381,110,263,69,14335,2312,0.3744,0.8951,0.2348,16.1284,97251,0.5103
Leandro Ferreira,1038,27,10,9,558,222,2.6012,0.9634,0.8671,39.7849,3436,0.4631
Leme do Prado,1330,16,97,16,962,466,1.2030,7.2932,1.2030,48.4407,4402,0.4129
Leopoldina,16675,133,419,47,8091,2664,0.7976,2.5127,0.2819,32.9255,55194,0.5040
Liberdade,1727,18,57,22,784,361,1.0423,3.3005,1.2739,46.0459,5716,0.6065
Lima Duarte,5477,50,166,32,2570,883,0.9129,3.0309,0.5843,34.3580,18129,0.5921
Limeira do Oeste,2351,16,54,11,1127,491,0.6806,2.2969,0.4679,43.5670,7782,0.4704
Lontra,2335,109,152,61,1663,1159,4.6681,6.5096,2.6124,69.6933,7729,0.5135
Luisburgo,1898,116,72,123,1282,1029,6.1117,3.7935,6.4805,80.2652,6282,0.5200
Luislândia,1700,92,110,53,1444,1173,5.4118,6.4706,3.1176,81.2327,5627,0.5867
Luminárias,1792,28,43,7,941,342,1.5625,2.3996,0.3906,36.3443,5932,0.4085
Luz,5919,74,120,20,2737,770,1.2502,2.0274,0.3379,28.1330,19592,0.5030
Machacalis,2185,82,91,16,1402,696,3.7529,4.1648,0.7323,49.6434,7232,0.4852
Machado,11662,302,194,120,6990,2596,2.5896,1.6635,1.0290,37.1388,38601,0.5218
Madre de Deus de Minas,1527,27,25,6,767,300,1.7682,1.6372,0.3929,39.1134,5054,0.5208
Malacacheta,5522,260,404,142,3765,2546,4.7084,7.3162,2.5715,67.6228,18278,0.5399
Mamonas,1982,53,56,59,962,680,2.6741,2.8254,2.9768,70.6861,6560,0.4603
Manga,5191,244,621,92,4639,3729,4.7004,11.9630,1.7723,80.3837,17182,0.6867
Manhuaçu,24386,532,692,516,16054,6322,2.1816,2.8377,2.1160,39.3796,80718,0.5063
Manhumirim,6917,144,227,130,4078,1868,2.0818,3.2818,1.8794,45.8068,22895,0.4914
Mantena,9155,224,227,108,4698,1514,2.4468,2.4795,1.1797,32.2265,30303,0.5233
Mar de Espanha,3943,74,90,48,1786,533,1.8767,2.2825,1.2173,29.8432,13051,0.4040
Maravilhas,2061,57,93,35,1317,511,2.7656,4.5124,1.6982,38.8003,6822,0.3961
Maria da Fé,4014,61,104,28,2549,1129,1.5197,2.5909,0.6976,44.2919,13286,0.4863
Mariana,16127,145,576,115,9390,2895,0.8991,3.5717,0.7131,30.8307,53380,0.5116
Marilac,1312,32,67,8,866,390,2.4390,5.1067,0.6098,45.0346,4343,0.4673
Mário Campos,3875,62,148,59,2649,1141,1.6000,3.8194,1.5226,43.0729,12826,0.4741
Maripá de Minas,891,21,9,7,429,167,2.3569,1.0101,0.7856,38.9277,2949,0.4235
Marliéria,1257,18,66,12,741,304,1.4320,5.2506,0.9547,41.0256,4161,0.4115
Marmelópolis,911,15,27,27,474,243,1.6465,2.9638,2.9638,51.2658,3015,0.4586
Martinho Campos,4154,104,141,17,2155,1089,2.5036,3.3943,0.4092,50.5336,13750,0.4535
Martins Soares,2208,84,83,72,1479,1048,3.8043,3.7591,3.2609,70.8587,7308,0.4046
Mata Verde,2240,98,171,26,1642,798,4.3750,7.6339,1.1607,48.5993,7414,0.4761
Materlândia,1286,45,122,10,957,706,3.4992,9.4868,0.7776,73.7722,4257,0.4798
Mateus Leme,8600,149,380,78,5133,2111,1.7326,4.4186,0.9070,41.1260,28466,0.5137
Mathias Lobato,990,35,80,6,732,453,3.5354,8.0808,0.6061,61.8852,3277,0.5777
Matias Barbosa,4281,42,129,37,2194,526,0.9811,3.0133,0.8643,23.9745,14170,0.4970
Matias Cardoso,2504,153,331,102,2527,2044,6.1102,13.2188,4.0735,80.8864,8288,0.5709
Matipó,5079,125,293,113,3829,2015,2.4611,5.7689,2.2248,52.6247,16811,0.4889
Mato Verde,4002,103,130,121,2111,1477,2.5737,3.2484,3.0235,69.9668,13247,0.4608
Matozinhos,9963,147,234,38,5977,1642,1.4755,2.3487,0.3814,27.4720,32978,0.4415
Matutina,1403,21,30,11,545,173,1.4968,2.1383,0.7840,31.7431,4644,0.5982
Medeiros,1134,16,22,13,607,309,1.4109,1.9400,1.1464,50.9061,3754,0.4673
Medina,6156,140,472,122,4220,2310,2.2742,7.6673,1.9818,54.7393,20376,0.5871
Mendes Pimentel,2083,57,73,37,1080,657,2.7364,3.5046,1.7763,60.8333,6895,0.4850
Mercês,3331,92,76,52,1698,873,2.7619,2.2816,1.5611,51.4134,11026,0.5890
Mesquita,1811,52,60,34,1005,585,2.8713,3.3131,1.8774,58.2090,5994,0.4773
Minas Novas,7582,471,877,441,6679,5471,6.2121,11.5669,5.8164,81.9135,25096,0.5014
Minduri,1147,28,69,23,653,291,2.4412,6.0157,2.0052,44.5636,3797,0.4902
Mirabela,3771,137,174,94,2549,1863,3.6330,4.6142,2.4927,73.0875,12482,0.4864
Miradouro,3331,55,171,106,1787,913,1.6512,5.1336,3.1822,51.0912,11026,0.5215
Miraí,4209,52,117,67,2310,881,1.2354,2.7798,1.5918,38.1385,13932,0.4561
Miravânia,1189,68,131,57,1052,865,5.7191,11.0177,4.7939,82.2243,3936,0.4892
Moeda,1485,22,91,14,781,459,1.4815,6.1279,0.9428,58.7708,4915,0.4385
Moema,2287,50,21,40,1219,366,2.1863,0.9182,1.7490,30.0246,7570,0.3857
Monjolos,690,28,50,3,458,325,4.0580,7.2464,0.4348,70.9607,2284,0.4800
Monsenhor Paulo,2547,53,46,22,1406,442,2.0809,1.8060,0.8638,31.4367,8431,0.4054
Montalvânia,4420,162,352,92,3268,2448,3.6652,7.9638,2.0814,74.9082,14630,0.5439
Monte Alegre de Minas,6861,106,211,103,3154,1216,1.5450,3.0754,1.5012,38.5542,22710,0.4905
Monte Azul,6983,193,314,224,3297,2278,2.7639,4.4966,3.2078,69.0931,23114,0.5191
Monte Belo,4368,80,63,48,2037,849,1.8315,1.4423,1.0989,41.6789,14458,0.4575
Monte Carmelo,15149,85,241,52,7889,1913,0.5611,1.5909,0.3433,24.2490,50143,0.4979
Monte Formoso,1230,76,135,48,1297,1061,6.1789,10.9756,3.9024,81.8042,4071,0.5906
Monte Santo de Minas,7245,108,183,55,3255,1199,1.4907,2.5259,0.7591,36.8356,23981,0.4233
Monte Sião,7060,124,153,161,3358,1095,1.7564,2.1671,2.2805,32.6087,23369,0.4478
Montes Claros,105295,1091,1761,629,65779,17450,1.0361,1.6724,0.5974,26.5282,348526,0.5391
Montezuma,1897,101,187,102,1641,1173,5.3242,9.8577,5.3769,71.4808,6279,0.4578
Morada Nova de Minas,2843,51,132,30,1433,747,1.7939,4.6430,1.0552,52.1284,9410,0.4569
Morro da Garça,811,22,21,5,524,347,2.7127,2.5894,0.6165,66.2214,2684,0.4732
Morro do Pilar,1069,62,61,18,602,353,5.7998,5.7063,1.6838,58.6379,3538,0.4850
Munhoz,1954,73,63,24,1139,633,3.7359,3.2242,1.2282,55.5751,6468,0.4901
Muriaé,33416,391,564,235,15566,3616,1.1701,1.6878,0.7033,23.2301,110607,0.5167
Mutum,8572,409,343,400,4923,3390,4.7713,4.0014,4.6664,68.8605,28373,0.4960
Muzambinho,6670,80,139,79,3136,1027,1.1994,2.0840,1.1844,32.7487,22078,0.4675
Nacip Raydan,924,33,73,18,621,403,3.5714,7.9004,1.9481,64.8953,3058,0.6059
Nanuque,13061,170,315,75,7599,2954,1.3016,2.4118,0.5742,38.8735,43232,0.5149
Naque,1840,47,71,25,1225,501,2.5543,3.8587,1.3587,40.8980,6090,0.4389
Natalândia,1064,18,48,24,681,303,1.6917,4.5113,2.2556,44.4934,3522,0.4083
Natércia,1609,17,22,15,637,257,1.0566,1.3673,0.9323,40.3454,5326,0.4043
Nazareno,2451,29,23,13,1416,497,1.1832,0.9384,0.5304,35.0989,8113,0.4796
Nepomuceno,8031,184,232,123,4526,1965,2.2911,2.8888,1.5316,43.4158,26583,0.4488
Ninheira,2592,137,362,109,1942,1629,5.2855,13.9660,4.2052,83.8826,8580,0.5275
Nova Belém,1175,32,68,36,728,570,2.7234,5.7872,3.0638,78.2967,3889,0.5147
Nova Era,5238,46,128,33,3038,986,0.8782,2.4437,0.6300,32.4556,17338,0.4740
Nova Lima,24502,147,349,79,12551,1907,0.6000,1.4244,0.3224,15.1940,81102,0.6914
Nova Módica,1174,21,67,16,718,483,1.7888,5.7070,1.3629,67.2702,3886,0.5078
Nova Ponte,3986,49,123,50,2481,687,1.2293,3.0858,1.2544,27.6904,13194,0.5315
Nova Porteirinha,2032,84,128,129,1491,1126,4.1339,6.2992,6.3484,75.5198,6726,0.4077
Nova Resende,4975,266,103,194,2811,1697,5.3467,2.0704,3.8995,60.3700,16467,0.4655
Nova Serrana,22100,396,310,316,14638,2969,1.7919,1.4027,1.4299,20.2828,73151,0.3606
Nova União,1680,16,75,46,986,506,0.9524,4.4643,2.7381,51.3185,5561,0.4223
Novo Cruzeiro,7991,582,918,427,7551,6206,7.2832,11.4879,5.3435,82.1878,26450,0.5383
Novo Oriente de Minas,3026,141,354,118,2099,1528,4.6596,11.6986,3.8995,72.7966,10016,0.5621
Novorizonte,1420,52,57,26,1029,721,3.6620,4.0141,1.8310,70.0680,4700,0.4386
Olaria,670,13,18,11,280,134,1.9403,2.6866,1.6418,47.8571,2218,0.4222
Olhos-d'Água,1483,50,114,88,1160,793,3.3715,7.6871,5.9339,68.3621,4909,0.4617
Olímpio Noronha,799,6,21,6,398,116,0.7509,2.6283,0.7509,29.1457,2645,0.4065
Oliveira,12112,187,188,60,6456,1552,1.5439,1.5522,0.4954,24.0397,40091,0.4580
Oliveira Fortes,671,21,19,6,335,204,3.1297,2.8316,0.8942,60.8955,2221,0.4416
Onça de Pitangui,928,31,46,31,594,381,3.3405,4.9569,3.3405,64.1414,3072,0.4376
Oratórios,1285,13,73,8,807,364,1.0117,5.6809,0.6226,45.1053,4253,0.3952
Orizânia,2204,135,210,70,1488,1151,6.1252,9.5281,3.1760,77.3522,7295,0.5562
Ouro Branco,10432,77,272,54,5906,1220,0.7381,2.6074,0.5176,20.6570,34530,0.5211
Ouro Fino,10620,133,145,152,4771,1613,1.2524,1.3653,1.4313,33.8084,35152,0.4623
Ouro Preto,20662,195,586,100,11658,3730,0.9438,2.8361,0.4840,31.9952,68391,0.5109
Ouro Verde de Minas,1713,71,114,37,1231,820,4.1448,6.6550,2.1600,66.6125,5670,0.5188
Padre Carvalho,1406,117,98,80,1457,1076,8.3215,6.9701,5.6899,73.8504,4654,0.4454
Padre Paraíso,5016,258,471,170,4060,2723,5.1435,9.3900,3.3892,67.0690,16603,0.5510
Pai Pedro,1640,103,124,33,1218,957,6.2805,7.5610,2.0122,78.5714,5428,0.4678
Paineiras,1688,33,73,29,648,379,1.9550,4.3246,1.7180,58.4877,5587,0.4626
Pains,2677,26,31,46,1174,292,0.9712,1.1580,1.7183,24.8722,8861,0.4676
Paiva,525,9,9,7,188,73,1.7143,1.7143,1.3333,38.8298,1738,0.4476
Palma,2067,26,77,3,953,431,1.2579,3.7252,0.1451,45.2256,6842,0.5087
Palmópolis,2079,103,204,98,1328,963,4.9543,9.8124,4.7138,72.5151,6881,0.4627
Papagaios,4090,163,247,75,2969,1590,3.9853,6.0391,1.8337,53.5534,13538,0.5014
Pará de Minas,26023,156,273,101,13931,2051,0.5995,1.0491,0.3881,14.7226,86136,0.4348
Paracatu,24042,542,500,207,17129,6177,2.2544,2.0797,0.8610,36.0616,79579,0.5151
Paraguaçu,6389,77,110,24,3253,924,1.2052,1.7217,0.3756,28.4045,21148,0.4196
Paraisópolis,6460,98,145,50,3181,810,1.5170,2.2446,0.7740,25.4637,21383,0.4727
Paraopeba,6742,125,265,131,4125,1694,1.8540,3.9306,1.9430,41.0667,22316,0.4568
Passa Quatro,4864,57,81,39,2606,853,1.1719,1.6653,0.8018,32.7322,16100,0.4928
Passa Tempo,2750,32,84,17,1141,436,1.1636,3.0545,0.6182,38.2121,9103,0.4979
Passa Vinte,702,6,50,14,325,163,0.8547,7.1225,1.9943,50.1538,2324,0.4183
Passabém,559,5,39,14,267,176,0.8945,6.9767,2.5045,65.9176,1850,0.4592
Passos,33750,327,356,190,17203,3053,0.9689,1.0548,0.5630,17.7469,111713,0.4978
Patis,1526,95,103,40,1152,945,6.2254,6.7497,2.6212,82.0313,5051,0.4725
Patos de Minas,45985,345,287,307,21734,3936,0.7502,0.6241,0.6676,18.1099,152210,0.5078
Patrocínio,26022,391,449,261,15122,4517,1.5026,1.7255,1.0030,29.8704,86133,0.4991
Patrocínio do Muriaé,1798,6,44,19,812,245,0.3337,2.4472,1.0567,30.1724,5951,0.4936
Paula Cândido,2700,54,169,42,1583,876,2.0000,6.2593,1.5556,55.3380,8937,0.4828
Paulistas,1347,59,124,73,1002,753,4.3801,9.2056,5.4195,75.1497,4459,0.5212
Pavão,2501,115,141,63,1642,1055,4.5982,5.6377,2.5190,64.2509,8278,0.5296
Peçanha,4942,265,368,123,3616,2641,5.3622,7.4464,2.4889,73.0365,16358,0.5304
Pedra Azul,6646,216,471,102,5206,2705,3.2501,7.0870,1.5348,51.9593,21998,0.5473
Pedra Bonita,1780,110,139,147,1561,1184,6.1798,7.8090,8.2584,75.8488,5892,0.5082
Pedra do Anta,1083,14,45,20,512,275,1.2927,4.1551,1.8467,53.7109,3585,0.5486
Pedra do Indaiá,1327,20,15,36,580,259,1.5072,1.1304,2.7129,44.6552,4392,0.4170
Pedra Dourada,680,12,40,16,413,260,1.7647,5.8824,2.3529,62.9540,2251,0.5455
Pedralva,3467,84,151,92,1990,1181,2.4228,4.3554,2.6536,59.3467,11476,0.5591
Pedras de Maria da Cruz,2726,145,250,62,2207,1679,5.3191,9.1709,2.2744,76.0761,9023,0.4679
Pedrinópolis,1137,14,38,13,626,198,1.2313,3.3421,1.1434,31.6294,3763,0.4861
Pedro Leopoldo,17661,211,371,114,9870,3123,1.1947,2.1007,0.6455,31.6413,58458,0.4761
Pedro Teixeira,586,7,29,7,301,165,1.1945,4.9488,1.1945,54.8173,1940,0.4185
Pequeri,1088,9,40,8,516,167,0.8272,3.6765,0.7353,32.3643,3601,0.4430
Pequi,1334,34,59,20,680,298,2.5487,4.4228,1.4993,43.8235,4416,0.4329
Perdigão,2736,69,61,56,1657,423,2.5219,2.2295,2.0468,25.5281,9056,0.3521
Perdizes,4514,112,120,58,2810,1042,2.4812,2.6584,1.2849,37.0819,14941,0.5539
Perdões,6398,50,36,29,3132,661,0.7815,0.5627,0.4533,21.1047,21177,0.5421
Periquito,2011,76,84,22,1516,651,3.7792,4.1770,1.0940,42.9420,6656,0.4407
Pescador,1220,15,61,21,820,440,1.2295,5.0000,1.7213,53.6585,4038,0.5331
Piau,939,18,50,19,407,196,1.9169,5.3248,2.0234,48.1572,3108,0.4228
Piedade de Caratinga,2149,108,64,107,1533,1018,5.0256,2.9781,4.9791,66.4057,7113,0.4673
Piedade de Ponte Nova,1175,7,28,4,776,303,0.5957,2.3830,0.3404,39.0464,3889,0.3874
Piedade do Rio Grande,1616,6,44,26,726,328,0.3713,2.7228,1.6089,45.1791,5349,0.4664
Piedade dos Gerais,1562,40,123,66,700,520,2.5608,7.8745,4.2254,74.2857,5170,0.4856
Pimenta,2727,30,72,10,1301,420,1.1001,2.6403,0.3667,32.2829,9026,0.4547
Pingo-d'Água,1303,19,28,3,908,269,1.4582,2.1489,0.2302,29.6256,4313,0.4411
Pintópolis,1858,78,224,77,1767,1444,4.1981,12.0560,4.1442,81.7204,6150,0.5477
Piracema,2150,42,65,27,967,446,1.9535,3.0233,1.2558,46.1220,7117,0.4425
Pirajuba,1519,15,22,7,848,203,0.9875,1.4483,0.4608,23.9387,5028,0.5324
Piranga,4623,248,437,91,3254,2662,5.3645,9.4527,1.9684,81.8070,15302,0.5215
Piranguçu,1647,48,73,18,836,372,2.9144,4.4323,1.0929,44.4976,5452,0.4668
Piranguinho,2435,33,106,27,1373,595,1.3552,4.3532,1.1088,43.3358,8060,0.4333
Pirapetinga,3503,26,81,18,1567,484,0.7422,2.3123,0.5138,30.8870,11595,0.4774
Pirapora,15461,198,609,106,10241,4798,1.2806,3.9389,0.6856,46.8509,51176,0.5515
Piraúba,3502,88,96,52,1597,629,2.5128,2.7413,1.4849,39.3863,11592,0.3714
Pitangui,7731,136,57,69,4612,1176,1.7592,0.7373,0.8925,25.4987,25590,0.4795
Piumhi,10915,76,143,102,4777,1215,0.6963,1.3101,0.9345,25.4344,36129,0.4741
Planura,3297,27,48,37,1935,302,0.8189,1.4559,1.1222,15.6072,10913,0.4409
Poço Fundo,5176,153,112,94,2488,1277,2.9560,2.1638,1.8161,51.3264,17133,0.4505
Poços de Caldas,50978,180,315,103,23246,2563,0.3531,0.6179,0.2020,11.0256,168737,0.5056
Pocrane,3037,69,49,73,1404,724,2.2720,1.6134,2.4037,51.5670,10052,0.4667
Pompéu,8659,205,350,188,5634,2389,2.3675,4.0420,2.1712,42.4033,28661,0.5352
Ponte Nova,18388,266,465,99,9173,2848,1.4466,2.5288,0.5384,31.0476,60864,0.5173
Ponto Chique,1105,47,115,46,881,672,4.2534,10.4072,4.1629,76.2770,3658,0.4594
Ponto dos Volantes,3067,191,312,198,2747,2366,6.2276,10.1728,6.4558,86.1303,10152,0.5371
Porteirinha,11102,493,378,372,6750,4682,4.4406,3.4048,3.3507,69.3630,36748,0.5106
Porto Firme,2885,49,167,68,1616,1055,1.6984,5.7886,2.3570,65.2847,9549,0.4663
Poté,4591,205,364,179,3306,2501,4.4653,7.9286,3.8989,75.6503,15196,0.4834
Pouso Alegre,41273,380,506,217,21054,3873,0.9207,1.2260,0.5258,18.3956,136614,0.4917
Pouso Alto,2051,26,89,19,863,393,1.2677,4.3393,0.9264,45.5388,6789,0.6336
Prados,2646,80,67,25,1411,437,3.0234,2.5321,0.9448,30.9709,8758,0.4834
Prata,8520,163,252,142,4692,1793,1.9131,2.9577,1.6667,38.2140,28201,0.5155
Pratápolis,3108,33,42,9,1269,199,1.0618,1.3514,0.2896,15.6816,10287,0.4500
Pratinha,1136,17,15,7,467,186,1.4965,1.3204,0.6162,39.8287,3760,0.5571
Presidente Bernardes,1618,35,122,33,1003,742,2.1632,7.5402,2.0396,73.9781,5356,0.4652
Presidente Juscelino,1177,49,63,42,677,467,4.1631,5.3526,3.5684,68.9808,3896,0.4133
Presidente Kubitschek,765,15,46,12,668,281,1.9608,6.0131,1.5686,42.0659,2532,0.4664
Presidente Olegário,6433,72,69,136,3051,1157,1.1192,1.0726,2.1141,37.9220,21293,0.4574
Prudente de Morais,2703,41,58,17,1715,641,1.5168,2.1458,0.6289,37.3761,8947,0.4285
Quartel Geral,1129,27,49,5,624,317,2.3915,4.3401,0.4429,50.8013,3737,0.4738
Queluzito,602,8,14,4,234,107,1.3289,2.3256,0.6645,45.7265,1993,0.4657
Raposos,4379,59,50,11,2556,411,1.3473,1.1418,0.2512,16.0798,14494,0.5235
Raul Soares,7810,109,279,166,3818,2206,1.3956,3.5723,2.1255,57.7789,25851,0.5153
Recreio,3533,42,52,14,1521,464,1.1888,1.4718,0.3963,30.5062,11694,0.4779
Reduto,1953,88,108,81,1357,789,4.5059,5.5300,4.1475,58.1430,6464,0.5262
Resende Costa,3585,111,141,161,1649,868,3.0962,3.9331,4.4909,52.6380,11866,0.4852
Resplendor,5880,94,216,46,2996,1499,1.5986,3.6735,0.7823,50.0334,19463,0.5531
Ressaquinha,1474,26,58,14,763,422,1.7639,3.9349,0.9498,55.3080,4879,0.4290
Riachinho,2408,85,164,93,1671,1198,3.5299,6.8106,3.8621,71.6936,7970,0.4904
Riacho dos Machados,2313,142,213,146,1997,1612,6.1392,9.2088,6.3121,80.7211,7656,0.4462
Ribeirão das Neves,89483,1328,1945,411,59422,18059,1.4841,2.1736,0.4593,30.3911,296189,0.4080
Ribeirão Vermelho,1225,2,11,1,568,120,0.1633,0.8980,0.0816,21.1268,4055,0.4373
Rio Acima,2635,55,91,15,1582,475,2.0873,3.4535,0.5693,30.0253,8722,0.4747
Rio Casca,4387,91,217,61,2574,1244,2.0743,4.9464,1.3905,48.3294,14521,0.4741
Rio do Prado,1553,45,130,27,1009,641,2.8976,8.3709,1.7386,63.5282,5140,0.5025
Rio Doce,778,7,25,13,365,144,0.8997,3.2134,1.6710,39.4521,2575,0.4538
Rio Espera,1842,53,100,73,1037,753,2.8773,5.4289,3.9631,72.6133,6097,0.4858
Rio Manso,1698,33,86,40,774,475,1.9435,5.0648,2.3557,61.3695,5620,0.4371
Rio Novo,2852,27,97,20,1395,672,0.9467,3.4011,0.7013,48.1720,9440,0.4780
Rio Paranaíba,3946,60,86,76,2015,929,1.5205,2.1794,1.9260,46.1042,13061,0.5104
Rio Pardo de Minas,7596,365,714,501,6157,4696,4.8052,9.3997,6.5956,76.2709,25143,0.5320
Rio Piracicaba,4404,27,132,20,2313,850,0.6131,2.9973,0.4541,36.7488,14577,0.4661
Rio Pomba,5546,76,103,72,2624,679,1.3704,1.8572,1.2982,25.8765,18357,0.4736
Rio Preto,1794,21,87,10,861,416,1.1706,4.8495,0.5574,48.3159,5938,0.5295
Rio Vermelho,3813,234,501,195,3070,2449,6.1369,13.1393,5.1141,79.7720,12621,0.5642
Ritápolis,1691,23,70,3,680,333,1.3601,4.1396,0.1774,48.9706,5597,0.4405
Rochedo de Minas,703,12,12,20,365,157,1.7070,1.7070,2.8450,43.0137,2327,0.3875
Rodeiro,2092,31,20,7,1217,241,1.4818,0.9560,0.3346,19.8028,6925,0.4623
Romaria,1150,11,15,4,626,243,0.9565,1.3043,0.3478,38.8179,3807,0.5473
Rosário da Limeira,1433,23,85,30,691,402,1.6050,5.9316,2.0935,58.1766,4743,0.4884
Rubelita,2238,101,131,47,1584,1224,4.5130,5.8534,2.1001,77.2727,7408,0.5019
Rubim,3090,85,213,47,1803,1116,2.7508,6.8932,1.5210,61.8968,10228,0.4906
Sabará,36693,329,604,183,23033,5458,0.8966,1.6461,0.4987,23.6964,121454,0.4693
Sabinópolis,4700,153,336,141,3082,1786,3.2553,7.1489,3.0000,57.9494,15557,0.5231
Sacramento,7768,106,85,72,4024,1208,1.3646,1.0942,0.9269,30.0199,25712,0.4481
Salinas,11863,234,481,160,6993,3151,1.9725,4.0546,1.3487,45.0593,39267,0.6637
Salto da Divisa,1984,58,146,10,1507,956,2.9234,7.3589,0.5040,63.4373,6567,0.5327
Santa Bárbara,8043,132,137,56,5042,1585,1.6412,1.7033,0.6963,31.4359,26622,0.4839
Santa Bárbara do Leste,2376,114,152,94,1450,968,4.7980,6.3973,3.9562,66.7586,7865,0.4405
Santa Bárbara do Monte Verde,946,19,52,5,492,215,2.0085,5.4968,0.5285,43.6992,3131,0.5218
Santa Bárbara do Tugúrio,1385,37,63,16,735,399,2.6715,4.5487,1.1552,54.2857,4584,0.4207
Santa Cruz de Minas,2524,14,38,8,1386,253,0.5547,1.5055,0.3170,18.2540,8354,0.3938
Santa Cruz de Salinas,1284,33,129,80,885,646,2.5701,10.0467,6.2305,72.9944,4250,0.4961
Santa Cruz do Escalvado,1573,23,82,26,837,538,1.4622,5.2130,1.6529,64.2772,5207,0.4597
Santa Efigênia de Minas,1327,79,62,33,964,655,5.9533,4.6722,2.4868,67.9461,4392,0.4866
Santa Fé de Minas,1165,78,106,52,887,745,6.6953,9.0987,4.4635,83.9910,3856,0.5377
Santa Helena de Minas,1616,99,138,70,1517,1053,6.1262,8.5396,4.3317,69.4133,5349,0.4983
Santa Juliana,3469,55,71,27,2062,466,1.5855,2.0467,0.7783,22.5994,11482,0.4463
Santa Luzia,59007,757,1114,197,39302,9834,1.2829,1.8879,0.3339,25.0216,195313,0.4495
Santa Margarida,4331,285,238,143,3187,2249,6.5805,5.4953,3.3018,70.5679,14336,0.6193
Santa Maria de Itabira,2924,78,138,38,1892,1083,2.6676,4.7196,1.2996,57.2410,9678,0.4567
Santa Maria do Salto,1602,24,87,89,956,563,1.4981,5.4307,5.5556,58.8912,5303,0.4477
Santa Maria do Suaçuí,4312,217,311,108,3041,1991,5.0325,7.2124,2.5046,65.4719,14273,0.5459
Santa Rita de Caldas,3159,59,41,33,1251,681,1.8677,1.2979,1.0446,54.4365,10456,0.4322
Santa Rita de Ibitipoca,1098,11,65,13,644,308,1.0018,5.9199,1.1840,47.8261,3634,0.5147
Santa Rita de Jacutinga,1788,14,83,33,670,295,0.7830,4.6421,1.8456,44.0299,5918,0.4763
Santa Rita de Minas,2062,66,73,29,1246,595,3.2008,3.5403,1.4064,47.7528,6825,0.4488
Santa Rita do Itueto,1788,86,80,65,1057,762,4.8098,4.4743,3.6353,72.0908,5918,0.4500
Santa Rita do Sapucaí,11526,116,220,57,6658,1731,1.0064,1.9087,0.4945,25.9988,38151,0.4942
Santa Rosa da Serra,1083,12,28,39,612,277,1.1080,2.5854,3.6011,45.2614,3585,0.4704
Santa Vitória,6214,118,160,96,2924,964,1.8989,2.5748,1.5449,32.9685,20568,0.4711
Santana da Vargem,2205,39,70,26,1360,668,1.7687,3.1746,1.1791,49.1176,7299,0.4021
Santana de Cataguases,1214,4,16,7,534,153,0.3295,1.3180,0.5766,28.6517,4018,0.4122
Santana de Pirapama,2553,43,130,105,1322,933,1.6843,5.0920,4.1128,70.5749,8450,0.4258
Santana do Deserto,1175,44,38,5,639,222,3.7447,3.2340,0.4255,34.7418,3889,0.4672
Santana do Garambéu,667,5,22,14,363,153,0.7496,3.2984,2.0990,42.1488,2208,0.5441
Santana do Jacaré,1543,18,29,10,738,297,1.1666,1.8795,0.6481,40.2439,5107,0.4176
Santana do Manhuaçu,2571,169,125,158,1792,1262,6.5733,4.8619,6.1455,70.4241,8510,0.4831
Santana do Paraíso,7925,242,276,102,5531,1748,3.0536,3.4826,1.2871,31.6037,26232,0.4314
Santana do Riacho,1312,26,54,10,669,416,1.9817,4.1159,0.7622,62.1824,4343,0.5293
Santana dos Montes,1152,33,62,30,665,381,2.8646,5.3819,2.6042,57.2932,3813,0.4053
Santo Antônio do Amparo,5087,70,104,24,3206,816,1.3761,2.0444,0.4718,25.4523,16838,0.4365
Santo Antônio do Aventureiro,1205,22,59,18,543,336,1.8257,4.8963,1.4938,61.8785,3989,0.4255
Santo Antônio do Grama,1240,17,59,26,655,280,1.3710,4.7581,2.0968,42.7481,4104,0.4238
Santo Antônio do Itambé,1075,65,202,87,984,832,6.0465,18.7907,8.0930,84.5528,3558,0.4796
Santo Antônio do Jacinto,3590,164,339,165,2294,1659,4.5682,9.4429,4.5961,72.3191,11883,0.5323
Santo Antônio do Monte,8529,177,57,155,4552,1075,2.0753,0.6683,1.8173,23.6160,28231,0.4941
Santo Antônio do Retiro,1798,118,149,69,1560,1212,6.5628,8.2870,3.8376,77.6923,5951,0.5951
Santo Antônio do Rio Abaixo,533,10,24,10,325,216,1.8762,4.5028,1.8762,66.4615,1764,0.5286
Santo Hipólito,1052,41,49,8,577,399,3.8973,4.6578,0.7605,69.1508,3482,0.5459
Santos Dumont,14802,156,306,35,7122,2041,1.0539,2.0673,0.2365,28.6577,48995,0.5098
São Bento Abade,1316,11,31,31,983,209,0.8359,2.3556,2.3556,21.2614,4356,0.4277
São Brás do Suaçuí,1104,41,31,4,485,297,3.7138,2.8080,0.3623,61.2371,3654,0.5402
São Domingos das Dores,1562,60,55,11,1094,670,3.8412,3.5211,0.7042,61.2431,5170,0.4828
São Domingos do Prata,5422,97,187,55,2731,1372,1.7890,3.4489,1.0144,50.2380,17947,0.4948
São Félix de Minas,1059,43,37,24,626,403,4.0604,3.4939,2.2663,64.3770,3505,0.4679
São Francisco,13633,878,1303,590,12481,9382,6.4403,9.5577,4.3277,75.1703,45125,0.5575
São Francisco de Paula,1998,53,51,31,1067,365,2.6527,2.5526,1.5516,34.2081,6613,0.3891
São Francisco de Sales,2077,43,43,12,974,366,2.0703,2.0703,0.5778,37.5770,6875,0.5311
São Francisco do Glória,1619,67,48,42,870,487,4.1384,2.9648,2.5942,55.9770,5359,0.4742
São Geraldo,3259,50,81,41,1700,643,1.5342,2.4854,1.2581,37.8235,10787,0.4168
São Geraldo da Piedade,1243,58,56,61,883,605,4.6661,4.5052,4.9075,68.5164,4114,0.5563
São Geraldo do Baixio,1148,27,41,20,691,338,2.3519,3.5714,1.7422,48.9146,3800,0.4981
São Gonçalo do Abaeté,2018,32,82,2,1279,554,1.5857,4.0634,0.0991,43.3151,6680,0.4736
São Gonçalo do Pará,3350,75,69,50,1751,596,2.2388,2.0597,1.4925,34.0377,11089,0.4079
São Gonçalo do Rio Abaixo,2757,62,113,39,1774,736,2.2488,4.0987,1.4146,41.4882,9126,0.4787
São Gonçalo do Rio Preto,877,31,84,35,597,400,3.5348,9.5781,3.9909,67.0017,2903,0.4367
São Gonçalo do Sapucaí,7218,119,184,32,4174,1264,1.6487,2.5492,0.4433,30.2827,23892,0.5280
São Gotardo,10091,139,136,86,5756,1348,1.3775,1.3477,0.8522,23.4190,33401,0.5173
São João Batista do Glória,2310,18,23,13,1041,289,0.7792,0.9957,0.5628,27.7618,7646,0.4537
São João da Lagoa,1446,53,109,38,864,620,3.6653,7.5380,2.6279,71.7593,4786,0.4877
São João da Mata,906,33,44,5,372,187,3.6424,4.8565,0.5519,50.2688,2999,0.4016
São João da Ponte,6635,373,1064,303,5076,4431,5.6217,16.0362,4.5667,87.2931,21962,0.4828
São João das Missões,2548,294,605,190,3458,3229,11.5385,23.7441,7.4568,93.3777,8434,0.5225
São João del Rei,27747,212,425,77,12368,2395,0.7640,1.5317,0.2775,19.3645,91843,0.5258
São João do Manhuaçu,3052,142,184,163,2088,1289,4.6527,6.0288,5.3408,61.7337,10102,0.5878
São João do Manteninha,1714,22,37,17,838,334,1.2835,2.1587,0.9918,39.8568,5673,0.4430
São João do Oriente,2526,69,66,40,1284,497,2.7316,2.6128,1.5835,38.7072,8361,0.4496
São João do Pacuí,1144,58,85,39,847,645,5.0699,7.4301,3.4091,76.1511,3787,0.6465
São João do Paraíso,6043,314,589,387,4233,2946,5.1961,9.7468,6.4041,69.5960,20002,0.4571
São João Evangelista,4604,168,347,107,2896,1730,3.6490,7.5369,2.3241,59.7376,15239,0.5297
São João Nepomuceno,8410,111,189,85,3698,1180,1.3199,2.2473,1.0107,31.9091,27837,0.4224
São Joaquim de Bicas,9059,245,399,120,4853,2206,2.7045,4.4045,1.3246,45.4564,29985,0.4538
São José da Barra,2065,20,37,8,1168,367,0.9685,1.7918,0.3874,31.4212,6835,0.5050
São José da Lapa,5703,59,115,46,3782,984,1.0345,2.0165,0.8066,26.0180,18877,0.4483
São José da Safira,1164,58,98,34,925,587,4.9828,8.4192,2.9210,63.4595,3853,0.4783
São José da Varginha,1307,26,46,39,803,383,1.9893,3.5195,2.9839,47.6961,4326,0.4909
São José do Alegre,1271,19,15,18,675,209,1.4949,1.1802,1.4162,30.9630,4207,0.4773
São José do Divino,1174,42,71,23,747,440,3.5775,6.0477,1.9591,58.9023,3886,0.5745
São José do Goiabal,1745,20,53,15,949,372,1.1461,3.0372,0.8596,39.1992,5776,0.5289
São José do Jacuri,1865,90,200,67,1300,1037,4.8257,10.7239,3.5925,79.7692,6173,0.4947
São José do Mantimento,795,20,33,8,481,315,2.5157,4.1509,1.0063,65.4886,2631,0.4919
São Lourenço,13919,52,157,35,6556,1349,0.3736,1.1280,0.2515,20.5766,46072,0.5170
São Miguel do Anta,2065,61,131,66,1102,604,2.9540,6.3438,3.1961,54.8094,6835,0.4470
São Pedro da União,1776,45,52,39,715,406,2.5338,2.9279,2.1959,56.7832,5879,0.4594
São Pedro do Suaçuí,1656,71,145,26,1009,716,4.2874,8.7560,1.5700,70.9613,5481,0.4850
São Pedro dos Ferros,2570,54,106,13,1529,627,2.1012,4.1245,0.5058,41.0072,8507,0.4315
São Romão,2483,91,227,124,2341,1880,3.6649,9.1422,4.9940,80.3076,8219,0.5301
São Roque de Minas,2326,35,55,55,1046,560,1.5047,2.3646,2.3646,53.5373,7699,0.4532
São Sebastião da Bela Vista,1560,36,48,24,903,309,2.3077,3.0769,1.5385,34.2193,5164,0.4342
São Sebastião da Vargem Alegre,933,20,6,8,449,255,2.1436,0.6431,0.8574,56.7929,3088,0.4217
São Sebastião do Anta,1715,58,113,53,1296,861,3.3819,6.5889,3.0904,66.4352,5677,0.4555
São Sebastião do Maranhão,2930,198,258,107,2430,2043,6.7577,8.8055,3.6519,84.0741,9698,0.5435
São Sebastião do Oeste,1849,33,78,27,1007,493,1.7847,4.2185,1.4602,48.9573,6120,0.4102
São Sebastião do Paraíso,21018,253,278,143,10711,2440,1.2037,1.3227,0.6804,22.7803,69570,0.4736
São Sebastião do Rio Preto,518,10,43,17,276,192,1.9305,8.3012,3.2819,69.5652,1715,0.5052
São Sebastião do Rio Verde,682,9,11,0,294,121,1.3196,1.6129,0.0000,41.1565,2257,0.4263
São Tiago,3353,70,91,40,1776,630,2.0877,2.7140,1.1930,35.4730,11098,0.4017
São Tomás de Aquino,2301,25,42,18,1293,547,1.0865,1.8253,0.7823,42.3047,7616,0.4477
São Tomé das Letras,2172,47,84,82,1254,602,2.1639,3.8674,3.7753,48.0064,7189,0.4319
São Vicente de Minas,2066,42,53,12,1269,475,2.0329,2.5653,0.5808,37.4310,6838,0.5282
Sapucaí-Mirim,1995,58,79,43,1212,528,2.9073,3.9599,2.1554,43.5644,6603,0.4466
Sardoá,1505,68,135,62,1189,921,4.5183,8.9701,4.1196,77.4601,4982,0.4984
Sarzedo,7359,77,162,84,5216,999,1.0463,2.2014,1.1415,19.1526,24358,0.4641
Sem-Peixe,931,8,27,36,387,214,0.8593,2.9001,3.8668,55.2972,3082,0.4442
Senador Amaral,1583,21,75,36,1063,540,1.3266,4.7378,2.2742,50.7996,5240,0.4573
Senador Cortes,632,9,41,8,373,182,1.4241,6.4873,1.2658,48.7936,2092,0.5846
Senador Firmino,2320,69,78,34,1164,558,2.9741,3.3621,1.4655,47.9381,7679,0.4386
Senador José Bento,632,3,7,31,211,128,0.4747,1.1076,4.9051,60.6635,2092,0.4012
Senador Modestino Gonçalves,1337,35,83,86,883,618,2.6178,6.2079,6.4323,69.9887,4425,0.4339
Senhora de Oliveira,1648,60,74,19,962,479,3.6408,4.4903,1.1529,49.7921,5455,0.4529
Senhora do Porto,1036,41,90,21,733,611,3.9575,8.6873,2.0270,83.3561,3429,0.4760
Senhora dos Remédios,2995,63,80,114,1705,1068,2.1035,2.6711,3.8063,62.6393,9913,0.4464
Sericita,2105,151,155,99,1433,993,7.1734,7.3634,4.7031,69.2952,6968,0.4523
Seritinga,577,9,27,0,277,126,1.5598,4.6794,0.0000,45.4874,1910,0.4284
Serra Azul de Minas,1122,124,131,18,1048,898,11.0517,11.6756,1.6043,85.6870,3714,0.5483
Serra da Saudade,290,3,9,5,138,66,1.0345,3.1034,1.7241,47.8261,960,0.3792
Serra do Salitre,3287,66,98,73,2031,810,2.0079,2.9814,2.2209,39.8818,10880,0.5316
Serra dos Aimorés,2685,63,84,37,1796,1049,2.3464,3.1285,1.3780,58.4076,8887,0.5723
Serrania,2266,44,33,16,1489,481,1.9417,1.4563,0.7061,32.3036,7500,0.4491
Serranópolis de Minas,1288,50,58,56,878,727,3.8820,4.5031,4.3478,82.8018,4263,0.5356
Serranos,639,11,35,2,330,143,1.7214,5.4773,0.3130,43.3333,2115,0.5075
Serro,5699,169,524,306,4540,3287,2.9654,9.1946,5.3694,72.4009,18864,0.6597
Sete Lagoas,63749,651,887,446,35380,7991,1.0212,1.3914,0.6996,22.5862,211009,0.5353
Setubinha,2562,213,389,100,3083,2802,8.3138,15.1835,3.9032,90.8855,8480,0.5490
Silveirânia,737,25,32,7,339,163,3.3921,4.3419,0.9498,48.0826,2439,0.4107
Silvianópolis,2024,37,62,29,956,491,1.8281,3.0632,1.4328,51.3598,6699,0.4721
Simão Pereira,756,13,50,4,427,240,1.7196,6.6138,0.5291,56.2061,2502,0.5141
Simonésia,5466,323,271,422,3644,2643,5.9093,4.9579,7.7205,72.5302,18092,0.5094
Sobrália,1829,63,83,61,1069,607,3.4445,4.5380,3.3352,56.7820,6054,0.4885
Soledade de Minas,1887,32,47,14,980,418,1.6958,2.4907,0.7419,42.6531,6246,0.4544
Tabuleiro,1358,18,38,7,607,235,1.3255,2.7982,0.5155,38.7150,4495,0.4560
Taiobeiras,8955,289,519,273,6009,3923,3.2272,5.7956,3.0486,65.2854,29641,0.5166
Taparuba,1093,16,31,22,483,242,1.4639,2.8362,2.0128,50.1035,3618,0.3994
Tapira,1292,28,77,42,678,291,2.1672,5.9598,3.2508,42.9204,4277,0.5532
Tapiraí,665,15,27,17,281,148,2.2556,4.0602,2.5564,52.6690,2201,0.4552
Taquaraçu de Minas,1188,11,76,14,693,506,0.9259,6.3973,1.1785,73.0159,3932,0.4547
Tarumirim,4597,172,273,118,2624,1535,3.7416,5.9387,2.5669,58.4985,15216,0.4812
Teixeiras,3694,80,110,17,1686,834,2.1657,2.9778,0.4602,49.4662,12227,0.5609
Teófilo Otoni,41487,918,1380,212,24131,10863,2.2127,3.3263,0.5110,45.0168,137322,0.5853
Timóteo,24647,124,259,74,13635,2381,0.5031,1.0508,0.3002,17.4624,81582,0.4893
Tiradentes,2365,30,50,23,1110,342,1.2685,2.1142,0.9725,30.8108,7828,0.5748
Tiros,2511,33,41,42,1048,401,1.3142,1.6328,1.6726,38.2634,8311,0.5427
Tocantins,5112,40,130,64,2515,890,0.7825,2.5430,1.2520,35.3877,16921,0.4237
Tocos do Moji,1265,31,28,73,488,298,2.4506,2.2134,5.7708,61.0656,4187,0.4184
Toledo,1863,46,53,46,968,523,2.4691,2.8449,2.4691,54.0289,6167,0.4013
Tombos,3176,32,84,18,1488,591,1.0076,2.6448,0.5668,39.7177,10513,0.5328
Três Corações,22343,228,363,106,13298,3635,1.0205,1.6247,0.4744,27.3349,73955,0.5655
Três Marias,8836,150,212,103,5063,1343,1.6976,2.3993,1.1657,26.5258,29247,0.5297
Três Pontas,16179,370,211,126,9601,2990,2.2869,1.3042,0.7788,31.1426,53552,0.5126
Tumiritinga,1973,57,81,70,1350,809,2.8890,4.1054,3.5479,59.9259,6531,0.4635
Tupaciguara,8442,116,139,72,3892,1196,1.3741,1.6465,0.8529,30.7297,27943,0.5047
Turmalina,5366,108,222,111,3544,1649,2.0127,4.1372,2.0686,46.5293,17761,0.5058
Turvolândia,1524,33,53,40,824,457,2.1654,3.4777,2.6247,55.4612,5044,0.4949
Ubá,32492,496,521,237,17112,4159,1.5265,1.6035,0.7294,24.3046,107549,0.5044
Ubaí,3014,182,356,138,2784,2257,6.0385,11.8115,4.5786,81.0704,9976,0.4951
Ubaporanga,3701,153,125,116,2241,1418,4.1340,3.3775,3.1343,63.2753,12250,0.4113
Uberaba,99584,370,970,303,44836,7008,0.3715,0.9741,0.3043,15.6303,329623,0.5052
Uberlândia,198156,1375,1994,575,98305,11743,0.6939,1.0063,0.2902,11.9455,655896,0.5122
Umburatiba,844,12,32,12,586,259,1.4218,3.7915,1.4218,44.1980,2794,0.4973
Unaí,25105,327,470,577,14278,5175,1.3025,1.8721,2.2983,36.2446,83098,0.5347
União de Minas,1603,20,33,30,740,271,1.2477,2.0586,1.8715,36.6216,5306,0.4588
Uruana de Minas,1060,17,35,12,623,388,1.6038,3.3019,1.1321,62.2793,3509,0.5361
Urucânia,2896,59,159,23,1979,999,2.0373,5.4903,0.7942,50.4800,9586,0.4131
Urucuia,3071,195,372,89,3468,2837,6.3497,12.1133,2.8981,81.8051,10165,0.4704
Vargem Alegre,2064,43,63,27,1120,443,2.0833,3.0523,1.3081,39.5536,6832,0.4994
Vargem Bonita,803,4,13,15,345,153,0.4981,1.6189,1.8680,44.3478,2658,0.3889
Vargem Grande do Rio Pardo,1186,88,110,43,996,790,7.4199,9.2749,3.6256,79.3173,3926,0.4576
Varginha,37844,262,419,112,20153,3463,0.6923,1.1072,0.2960,17.1835,125264,0.5186
Varjão de Minas,1960,24,52,17,1212,251,1.2245,2.6531,0.8673,20.7096,6488,0.4042
Várzea da Palma,10817,258,498,132,7054,3797,2.3851,4.6039,1.2203,53.8276,35804,0.4700
Varzelândia,4856,359,610,306,4514,3911,7.3929,12.5618,6.3015,86.6416,16073,0.5144
Vazante,6541,50,43,76,3345,766,0.7644,0.6574,1.1619,22.8999,21651,0.4606
Verdelândia,2139,152,315,76,2213,1790,7.1061,14.7265,3.5531,80.8857,7080,0.4558
Veredinha,1640,41,72,94,1041,486,2.5000,4.3902,5.7317,46.6859,5428,0.4346
Veríssimo,1178,25,32,11,610,324,2.1222,2.7165,0.9338,53.1148,3899,0.5029
Vermelho Novo,1458,68,49,41,836,629,4.6639,3.3608,2.8121,75.2392,4826,0.5316
Vespasiano,30203,526,774,155,20566,5137,1.7415,2.5627,0.5132,24.9781,99972,0.4380
Viçosa,22900,217,473,97,11127,2626,0.9476,2.0655,0.4236,23.6003,75799,0.5628
Vieiras,1168,25,48,31,556,310,2.1404,4.1096,2.6541,55.7554,3866,0.4314
Virgem da Lapa,3953,201,244,169,2375,1577,5.0847,6.1725,4.2752,66.4000,13084,0.4999
Virgínia,2682,54,75,44,1450,848,2.0134,2.7964,1.6406,58.4828,8877,0.4741
Virginópolis,3041,87,191,54,1946,1112,2.8609,6.2808,1.7757,57.1429,10066,0.4983
Virgolândia,1776,50,111,77,1093,659,2.8153,6.2500,4.3356,60.2928,5879,0.5019
Visconde do Rio Branco,12180,161,206,55,6304,1985,1.3218,1.6913,0.4516,31.4879,40316,0.4941
Volta Grande,1540,22,91,11,929,499,1.4286,5.9091,0.7143,53.7137,5097,0.5230
Wenceslau Braz,789,12,16,8,463,270,1.5209,2.0279,1.0139,58.3153,2612,0.4360
