Índice de Gini da renda domiciliar per capita segundo Município - Minas Gerais;;;
Período: 1991, 2000 e 2010;;;
Município;1991;2000;2010
310010 Abadia dos Dourados;0,457;0,511;0,4738
310020 Abaeté;0,5179;0,5862;0,551
310030 Abre Campo;0,5144;0,516;0,5225
310040 Acaiaca;0,5917;0,5547;0,4821
310050 Açucena;0,5504;0,5569;0,4955
310060 Água Boa;0,5484;0,6459;0,5018
310070 Água Comprida;0,4497;0,4752;0,4474
310080 Aguanil;0,433;0,4907;0,4662
310090 Águas Formosas;0,6294;0,6535;0,5774
310100 Águas Vermelhas;0,5715;0,6074;0,5209
310110 Aimorés;0,5633;0,57;0,5328
310120 Aiuruoca;0,5505;0,6341;0,4888
310130 Alagoa;0,6179;0,537;0,4212
310140 Albertina;0,4023;0,3867;0,3474
310150 Além Paraíba;0,5537;0,5682;0,5013
310160 Alfenas;0,5617;0,5775;0,5143
310163 Alfredo Vasconcelos;...;0,5216;0,4113
310170 Almenara;0,665;0,6704;0,5409
310180 Alpercata;0,44;0,5248;0,4758
310190 Alpinópolis;0,5347;0,485;0,47
310200 Alterosa;0,4854;0,4861;0,4527
310205 Alto Caparaó;...;0,6106;0,4568
315350 Alto Jequitibá;0,5491;0,4789;0,5113
310210 Alto Rio Doce;0,5496;0,5854;0,4683
310220 Alvarenga;0,522;0,5813;0,5258
310230 Alvinópolis;0,6126;0,5527;0,4631
310240 Alvorada de Minas;0,5412;0,7415;0,6221
310250 Amparo do Serra;0,5202;0,5483;0,4617
310260 Andradas;0,482;0,5554;0,4464
310280 Andrelândia;0,6083;0,6234;0,5153
310285 Angelândia;...;0,6365;0,5286
310290 Antônio Carlos;0,5221;0,5482;0,4795
310300 Antônio Dias;0,519;0,5417;0,4887
310310 Antônio Prado de Minas;0,5106;0,5356;0,4705
310320 Araçaí;0,4719;0,4978;0,4315
310330 Aracitaba;0,5674;0,5164;0,4429
310340 Araçuaí;0,5397;0,6227;0,5748
310350 Araguari;0,5337;0,5519;0,4786
310360 Arantina;0,4818;0,4279;0,4232
310370 Araponga;0,5714;0,506;0,4418
310375 Araporã;...;0,5911;0,4183
310380 Arapuá;0,5061;0,5319;0,4573
310390 Araújos;0,4664;0,4327;0,361
310400 Araxá;0,5376;0,5664;0,4844
310410 Arceburgo;0,4871;0,4627;0,3794
310420 Arcos;0,5148;0,5234;0,4372
310430 Areado;0,5005;0,5162;0,4518
310440 Argirita;0,5084;0,5234;0,3892
310445 Aricanduva;...;0,5608;0,5045
310450 Arinos;0,5442;0,6698;0,5531
310460 Astolfo Dutra;0,5668;0,4901;0,4175
310470 Ataléia;0,5489;0,6308;0,492
310480 Augusto de Lima;0,4317;0,5221;0,4268
310490 Baependi;0,6632;0,5416;0,5054
310500 Baldim;0,4967;0,5304;0,4635
310510 Bambuí;0,5191;0,488;0,4924
310520 Bandeira;0,4992;0,5817;0,46
310530 Bandeira do Sul;0,4028;0,4241;0,3364
310540 Barão de Cocais;0,4869;0,4895;0,4317
310550 Barão de Monte Alto;0,4945;0,5035;0,5039
310560 Barbacena;0,5841;0,573;0,5962
310570 Barra Longa;0,5425;0,5216;0,4878
310590 Barroso;0,5187;0,5546;0,4946
310600 Bela Vista de Minas;0,4572;0,4898;0,4125
310610 Belmiro Braga;0,5906;0,4875;0,4543
310620 Belo Horizonte;0,6107;0,6203;0,6106
310630 Belo Oriente;0,466;0,5109;0,4383
310640 Belo Vale;0,4693;0,5022;0,4699
310650 Berilo;0,5339;0,5027;0,4606
310665 Berizal;...;0,573;0,4253
310660 Bertópolis;0,5599;0,5647;0,5442
310670 Betim;0,5332;0,5234;0,484
310680 Bias Fortes;0,4656;0,4524;0,4184
310690 Bicas;0,5831;0,5691;0,5489
310700 Biquinhas;0,5615;0,4645;0,4126
310710 Boa Esperança;0,63;0,5835;0,4811
310720 Bocaina de Minas;0,5503;0,5502;0,4404
310730 Bocaiúva;0,6232;0,557;0,5168
310740 Bom Despacho;0,5314;0,5634;0,4933
310750 Bom Jardim de Minas;0,555;0,5132;0,4719
310760 Bom Jesus da Penha;0,516;0,6706;0,4282
310770 Bom Jesus do Amparo;0,5548;0,6089;0,4577
310780 Bom Jesus do Galho;0,5243;0,5031;0,5047
310790 Bom Repouso;0,4559;0,6855;0,4503
310800 Bom Sucesso;0,5514;0,5769;0,4995
310810 Bonfim;0,4964;0,5064;0,4988
310820 Bonfinópolis de Minas;0,572;0,6056;0,4784
310825 Bonito de Minas;...;0,707;0,5708
310830 Borda da Mata;0,5028;0,5348;0,4633
310840 Botelhos;0,5968;0,5921;0,4707
310850 Botumirim;0,5098;0,6022;0,4629
310870 Brás Pires;0,5364;0,5416;0,4487
310855 Brasilândia de Minas;...;0,6445;0,4433
310860 Brasília de Minas;0,5655;0,6213;0,5418
310890 Brasópolis;0,563;0,6282;0,5416
310880 Braúnas;0,5646;0,5994;0,5589
310900 Brumadinho;0,5814;0,5696;0,572
310910 Bueno Brandão;0,4725;0,5425;0,4456
310920 Buenópolis;0,5674;0,6464;0,4991
310925 Bugre;...;0,6096;0,4376
310930 Buritis;0,5386;0,7157;0,572
310940 Buritizeiro;0,5438;0,5376;0,4269
310945 Cabeceira Grande;...;0,5332;0,4826
310950 Cabo Verde;0,5808;0,5912;0,4505
310960 Cachoeira da Prata;0,5439;0,4811;0,4355
310970 Cachoeira de Minas;0,5024;0,4647;0,4677
310270 Cachoeira de Pajeú;0,5551;0,5374;0,523
310980 Cachoeira Dourada;0,5274;0,581;0,3546
310990 Caetanópolis;0,4531;0,578;0,4259
311000 Caeté;0,509;0,5944;0,4649
311010 Caiana;0,5437;0,4933;0,421
311020 Cajuri;0,3863;0,5251;0,4354
311030 Caldas;0,6166;0,5509;0,4926
311040 Camacho;0,588;0,4116;0,4607
311050 Camanducaia;0,5102;0,5284;0,5103
311060 Cambuí;0,4577;0,492;0,4685
311070 Cambuquira;0,6007;0,595;0,5066
311080 Campanário;0,5831;0,5335;0,4514
311090 Campanha;0,5527;0,5599;0,5086
311100 Campestre;0,5424;0,5079;0,5248
311110 Campina Verde;0,5388;0,5942;0,5055
311115 Campo Azul;...;0,5863;0,4836
311120 Campo Belo;0,5581;0,5223;0,4752
311130 Campo do Meio;0,471;0,485;0,422
311140 Campo Florido;0,6472;0,5151;0,5251
311150 Campos Altos;0,568;0,5297;0,4052
311160 Campos Gerais;0,54;0,5166;0,4514
311190 Cana Verde;0,4503;0,4726;0,4336
311170 Canaã;0,5331;0,5755;0,5035
311180 Canápolis;0,4394;0,5123;0,5062
311200 Candeias;0,4698;0,5275;0,4831
311205 Cantagalo;...;0,6197;0,4204
311210 Caparaó;0,5618;0,4853;0,4431
311220 Capela Nova;0,5096;0,4353;0,4462
311230 Capelinha;0,5973;0,5753;0,5335
311240 Capetinga;0,4642;0,5393;0,4324
311250 Capim Branco;0,4963;0,4405;0,4063
311260 Capinópolis;0,5213;0,6017;0,5936
311265 Capitão Andrade;...;0,4653;0,5145
311270 Capitão Enéas;0,5588;0,5613;0,4724
311280 Capitólio;0,5456;0,4308;0,4049
311290 Caputira;0,4274;0,5739;0,5718
311300 Caraí;0,5173;0,5565;0,5365
311310 Caranaíba;0,455;0,4938;0,4423
311320 Carandaí;0,5837;0,5619;0,4786
311330 Carangola;0,5787;0,6304;0,4904
311340 Caratinga;0,5717;0,608;0,5466
311350 Carbonita;0,5216;0,5402;0,4701
311360 Careaçu;0,4918;0,5253;0,4077
311370 Carlos Chagas;0,6569;0,6254;0,5448
311380 Carmésia;0,54;0,5808;0,481
311390 Carmo da Cachoeira;0,5034;0,5365;0,4575
311400 Carmo da Mata;0,5459;0,5357;0,4043
311410 Carmo de Minas;0,6736;0,5588;0,4798
311420 Carmo do Cajuru;0,4553;0,4413;0,4463
311430 Carmo do Paranaíba;0,5266;0,5781;0,5113
311440 Carmo do Rio Claro;0,4498;0,7082;0,5201
311450 Carmópolis de Minas;0,5166;0,5675;0,4635
311455 Carneirinho;...;0,6011;0,5397
311460 Carrancas;0,6094;0,5911;0,5429
311470 Carvalhópolis;0,4483;0,377;0,4319
311480 Carvalhos;0,5106;0,4702;0,531
311490 Casa Grande;0,5139;0,4828;0,4035
311500 Cascalho Rico;0,4869;0,4992;0,4935
311510 Cássia;0,5664;0,5218;0,4825
311530 Cataguases;0,5881;0,5553;0,512
311535 Catas Altas;...;0,464;0,392
311540 Catas Altas da Noruega;0,5121;0,5466;0,4437
311545 Catuji;...;0,5944;0,5546
311547 Catuti;...;0,5066;0,5054
311550 Caxambu;0,6071;0,5764;0,6667
311560 Cedro do Abaeté;0,4797;0,4358;0,4093
311570 Central de Minas;0,5471;0,5543;0,6067
311580 Centralina;0,4586;0,7303;0,4041
311590 Chácara;0,5685;0,5011;0,4403
311600 Chalé;0,5132;0,4382;0,4573
311610 Chapada do Norte;0,4515;0,4451;0,4734
311615 Chapada Gaúcha;...;0,7129;0,5108
311620 Chiador;0,4937;0,5074;0,6223
311630 Cipotânea;0,6007;0,5838;0,506
311640 Claraval;0,4663;0,4483;0,4299
311650 Claro dos Poções;0,5016;0,4871;0,4279
311660 Cláudio;0,5252;0,4653;0,4053
311670 Coimbra;0,5391;0,5108;0,4543
311680 Coluna;0,6182;0,6334;0,5078
311690 Comendador Gomes;0,4741;0,6368;0,451
311700 Comercinho;0,5262;0,596;0,494
311710 Conceição da Aparecida;0,5214;0,5519;0,4584
311520 Conceição da Barra de Minas;0,4642;0,4473;0,4992
311730 Conceição das Alagoas;0,5571;0,5821;0,5263
311720 Conceição das Pedras;0,5421;0,4464;0,4869
311740 Conceição de Ipanema;0,6512;0,5238;0,5422
311750 Conceição do Mato Dentro;0,5783;0,6398;0,4975
311760 Conceição do Pará;0,5076;0,4737;0,4235
311770 Conceição do Rio Verde;0,5684;0,5998;0,5307
311780 Conceição dos Ouros;0,476;0,4879;0,3894
311783 Cônego Marinho;...;0,6466;0,5294
311787 Confins;...;0,4255;0,4546
311790 Congonhal;0,5274;0,4838;0,4576
311800 Congonhas;0,546;0,5247;0,5052
311810 Congonhas do Norte;0,7169;0,6778;0,499
311820 Conquista;0,5328;0,6192;0,4478
311830 Conselheiro Lafaiete;0,5428;0,5297;0,4988
311840 Conselheiro Pena;0,5652;0,6187;0,5175
311850 Consolação;0,3994;0,4285;0,3731
311860 Contagem;0,4793;0,504;0,4953
311870 Coqueiral;0,5702;0,4938;0,4901
311880 Coração de Jesus;0,549;0,6407;0,4975
311890 Cordisburgo;0,5099;0,5635;0,4606
311900 Cordislândia;0,5407;0,4407;0,4573
311910 Corinto;0,5924;0,581;0,5454
311920 Coroaci;0,5361;0,5701;0,5062
311930 Coromandel;0,5336;0,5372;0,513
311940 Coronel Fabriciano;0,5516;0,5534;0,4983
311950 Coronel Murta;0,5048;0,5323;0,4929
311960 Coronel Pacheco;0,474;0,507;0,4238
311970 Coronel Xavier Chaves;0,4135;0,4304;0,5335
311980 Córrego Danta;0,5776;0,523;0,4815
311990 Córrego do Bom Jesus;0,433;0,4953;0,3851
311995 Córrego Fundo;...;0,4354;0,3288
312000 Córrego Novo;0,4483;0,4839;0,4347
312010 Couto de Magalhães de Minas;0,6682;0,5646;0,4684
312015 Crisólita;...;0,6581;0,5154
312020 Cristais;0,5434;0,5228;0,5835
312030 Cristália;0,4602;0,5042;0,5239
312040 Cristiano Otoni;0,5475;0,5002;0,4465
312050 Cristina;0,5791;0,5506;0,4427
312060 Crucilândia;0,7846;0,5054;0,4349
312070 Cruzeiro da Fortaleza;0,4699;0,5285;0,5939
312080 Cruzília;0,5808;0,5403;0,4966
312083 Cuparaque;...;0,4919;0,4842
312087 Curral de Dentro;...;0,5459;0,5476
312090 Curvelo;0,5919;0,5555;0,5213
312100 Datas;0,5311;0,5758;0,4228
312110 Delfim Moreira;0,6317;0,5542;0,4534
312120 Delfinópolis;0,4869;0,4897;0,4757
312125 Delta;...;0,4388;0,4117
312130 Descoberto;0,4652;0,5079;0,4591
312140 Desterro de Entre Rios;0,4895;0,5864;0,4177
312150 Desterro do Melo;0,5666;0,6206;0,4617
312160 Diamantina;0,5826;0,6168;0,5713
312170 Diogo de Vasconcelos;0,514;0,5695;0,5082
312180 Dionísio;0,5485;0,5142;0,4582
312190 Divinésia;0,5452;0,5136;0,4026
312200 Divino;0,5625;0,4998;0,5418
312210 Divino das Laranjeiras;0,5525;0,6671;0,4505
312220 Divinolândia de Minas;0,468;0,6012;0,4433
312230 Divinópolis;0,5388;0,5333;0,4797
312235 Divisa Alegre;...;0,5711;0,5048
312240 Divisa Nova;0,7087;0,4405;0,3952
312245 Divisópolis;...;0,5181;0,4569
312247 Dom Bosco;...;0,5566;0,4267
312250 Dom Cavati;0,6196;0,5899;0,4487
312260 Dom Joaquim;0,5435;0,5959;0,5453
312270 Dom Silvério;0,5124;0,5553;0,4177
312280 Dom Viçoso;0,4998;0,4207;0,4153
312290 Dona Eusébia;0,4824;0,497;0,4163
312300 Dores de Campos;0,5689;0,4793;0,3997
312310 Dores de Guanhães;0,5802;0,5381;0,4926
312320 Dores do Indaiá;0,646;0,5582;0,471
312330 Dores do Turvo;0,5272;0,6141;0,4669
312340 Doresópolis;0,3703;0,3541;0,3953
312350 Douradoquara;0,5233;0,4501;0,493
312352 Durandé;...;0,5365;0,4343
312360 Elói Mendes;0,5583;0,5398;0,479
312370 Engenheiro Caldas;0,5639;0,5526;0,5006
312380 Engenheiro Navarro;0,5468;0,4427;0,4304
312385 Entre Folhas;...;0,4569;0,4803
312390 Entre Rios de Minas;0,5672;0,5673;0,5007
312400 Ervália;0,5656;0,6774;0,4654
312410 Esmeraldas;0,5274;0,5992;0,4437
312420 Espera Feliz;0,5708;0,4866;0,5093
312430 Espinosa;0,5183;0,594;0,4586
312440 Espírito Santo do Dourado;0,4358;0,4236;0,3689
312450 Estiva;0,4651;0,5084;0,3957
312460 Estrela Dalva;0,727;0,684;0,5966
312470 Estrela do Indaiá;0,6256;0,5169;0,4748
312480 Estrela do Sul;0,5205;0,4896;0,4473
312490 Eugenópolis;0,5572;0,6039;0,4578
312500 Ewbank da Câmara;0,4956;0,43;0,3693
312510 Extrema;0,5166;0,4907;0,4015
312520 Fama;0,6443;0,5883;0,4685
312530 Faria Lemos;0,587;0,5257;0,515
312540 Felício dos Santos;0,529;0,5527;0,4627
312560 Felisburgo;0,6268;0,5564;0,5288
312570 Felixlândia;0,5908;0,5558;0,46
312580 Fernandes Tourinho;0,5065;0,5331;0,4209
312590 Ferros;0,6215;0,5393;0,5258
312595 Fervedouro;...;0,5437;0,4825
312600 Florestal;0,5674;0,492;0,4861
312610 Formiga;0,5876;0,5349;0,49
312620 Formoso;0,5835;0,7373;0,5614
312630 Fortaleza de Minas;0,529;0,4543;0,4256
312640 Fortuna de Minas;0,4791;0,5178;0,4255
312650 Francisco Badaró;0,4583;0,4932;0,4689
312660 Francisco Dumont;0,5173;0,5366;0,4495
312670 Francisco Sá;0,5142;0,5374;0,5353
312675 Franciscópolis;...;0,4856;0,5096
312680 Frei Gaspar;0,5249;0,5361;0,4375
312690 Frei Inocêncio;0,6183;0,5662;0,471
312695 Frei Lagonegro;...;0,512;0,5062
312700 Fronteira;0,4699;0,5083;0,4488
312705 Fronteira dos Vales;0,4732;0,5422;0,4609
312707 Fruta de Leite;...;0,6333;0,4796
312710 Frutal;0,5627;0,5672;0,483
312720 Funilândia;0,646;0,59;0,4631
312730 Galiléia;0,6161;0,5562;0,509
312733 Gameleiras;...;0,5079;0,5062
312735 Glaucilândia;...;0,4991;0,4418
312737 Goiabeira;...;0,4747;0,4867
312738 Goianá;...;0,5007;0,4705
312740 Gonçalves;0,5432;0,5055;0,4581
312750 Gonzaga;0,4192;0,5503;0,513
312760 Gouveia;0,5242;0,5617;0,4554
312770 Governador Valadares;0,5973;0,6221;0,5377
312780 Grão Mogol;0,5506;0,6091;0,4816
312790 Grupiara;0,4782;0,4903;0,4063
312800 Guanhães;0,5578;0,5769;0,5713
312810 Guapé;0,5236;0,5267;0,3993
312820 Guaraciaba;0,5191;0,6419;0,4872
312825 Guaraciama;...;0,5896;0,4206
312830 Guaranésia;0,4891;0,5458;0,4084
312840 Guarani;0,596;0,5357;0,4936
312850 Guarará;0,5121;0,5623;0,4165
312860 Guarda-Mor;0,5882;0,5214;0,5353
312870 Guaxupé;0,5641;0,5338;0,4868
312880 Guidoval;0,5545;0,574;0,3874
312890 Guimarânia;0,5603;0,5685;0,485
312900 Guiricema;0,5359;0,4981;0,422
312910 Gurinhatã;0,5174;0,5997;0,4896
312920 Heliodora;0,5884;0,5846;0,4136
312930 Iapu;0,5115;0,518;0,5244
312940 Ibertioga;0,6311;0,5561;0,4322
312950 Ibiá;0,5045;0,6672;0,5166
312960 Ibiaí;0,5266;0,5154;0,5025
312965 Ibiracatu;...;0,6568;0,5129
312970 Ibiraci;0,4939;0,5042;0,4286
312980 Ibirité;0,466;0,4461;0,4501
312990 Ibitiúra de Minas;0,4259;0,5174;0,4059
313000 Ibituruna;0,5474;0,4781;0,4244
313005 Icaraí de Minas;...;0,6843;0,5059
313010 Igarapé;0,5571;0,5434;0,4759
313020 Igaratinga;0,4534;0,4404;0,3784
313030 Iguatama;0,5558;0,5739;0,4308
313040 Ijaci;0,41;0,5006;0,4174
313050 Ilicínea;0,4723;0,5231;0,4
313055 Imbé de Minas;...;0,5814;0,4439
313060 Inconfidentes;0,5681;0,5006;0,4915
313065 Indaiabira;...;0,5352;0,484
313070 Indianópolis;0,4366;0,5874;0,4079
313080 Ingaí;0,6519;0,6499;0,5229
313090 Inhapim;0,5969;0,6057;0,533
313100 Inhaúma;0,4799;0,4554;0,4416
313110 Inimutaba;0,4819;0,4453;0,4267
313115 Ipaba;...;0,4755;0,4056
313120 Ipanema;0,5447;0,5382;0,5237
313130 Ipatinga;0,5524;0,5572;0,5236
313140 Ipiaçu;0,4616;0,6231;0,4416
313150 Ipuiúna;0,6487;0,6392;0,5357
313160 Iraí de Minas;0,6172;0,5211;0,4839
313170 Itabira;0,567;0,5607;0,5212
313180 Itabirinha;0,5633;0,6239;0,4904
313190 Itabirito;0,4904;0,4876;0,4829
313200 Itacambira;0,4559;0,5715;0,4992
313210 Itacarambi;0,5168;0,5544;0,51
313220 Itaguara;0,5372;0,5297;0,4414
313230 Itaipé;0,5063;0,6743;0,4875
313240 Itajubá;0,5637;0,5807;0,5571
313250 Itamarandiba;0,5466;0,6733;0,5172
313260 Itamarati de Minas;0,465;0,4807;0,3959
313270 Itambacuri;0,6808;0,653;0,5228
313280 Itambé do Mato Dentro;0,6151;0,4939;0,4174
313290 Itamogi;0,5066;0,5202;0,4161
313300 Itamonte;0,543;0,5524;0,4702
313310 Itanhandu;0,6445;0,5716;0,5114
313320 Itanhomi;0,5615;0,5965;0,5689
313330 Itaobim;0,4869;0,6261;0,514
313340 Itapagipe;0,5592;0,503;0,4603
313350 Itapecerica;0,5706;0,5771;0,454
313360 Itapeva;0,4963;0,5091;0,4851
313370 Itatiaiuçu;0,5007;0,5014;0,4099
313375 Itaú de Minas;0,4541;0,4877;0,5678
313380 Itaúna;0,5168;0,5514;0,4924
313390 Itaverava;0,4988;0,5041;0,478
313400 Itinga;0,5024;0,6207;0,5079
313410 Itueta;0,495;0,5249;0,5219
313420 Ituiutaba;0,5768;0,5769;0,5093
313430 Itumirim;0,4564;0,5408;0,5362
313440 Iturama;0,5638;0,5924;0,4713
313450 Itutinga;0,5447;0,545;0,5592
313460 Jaboticatubas;0,571;0,602;0,5582
313470 Jacinto;0,5346;0,5849;0,4899
313480 Jacuí;0,4808;0,4789;0,4124
313490 Jacutinga;0,5269;0,5481;0,4326
313500 Jaguaraçu;0,4829;0,463;0,4164
313505 Jaíba;...;0,5768;0,4676
313507 Jampruca;...;0,5138;0,4841
313510 Janaúba;0,5819;0,5884;0,5405
313520 Januária;0,6315;0,6564;0,5663
313530 Japaraíba;0,427;0,4376;0,3723
313535 Japonvar;...;0,5891;0,4662
313540 Jeceaba;0,4704;0,5042;0,481
313545 Jenipapo de Minas;...;0,5268;0,4589
313550 Jequeri;0,5886;0,5966;0,5044
313560 Jequitaí;0,5836;0,5932;0,4802
313570 Jequitibá;0,5383;0,637;0,7832
313580 Jequitinhonha;0,5683;0,6243;0,5509
313590 Jesuânia;0,5676;0,5459;0,4862
313600 Joaíma;0,6964;0,6953;0,5385
313610 Joanésia;0,5077;0,519;0,4999
313620 João Monlevade;0,5047;0,5236;0,496
313630 João Pinheiro;0,5864;0,5886;0,5073
313640 Joaquim Felício;0,5414;0,5827;0,5314
313650 Jordânia;0,5909;0,5937;0,5163
313652 José Gonçalves de Minas;...;0,3872;0,4157
313655 José Raydan;...;0,6522;0,4902
313657 Josenópolis;...;0,6065;0,4621
313665 Juatuba;...;0,5522;0,4854
313670 Juiz de Fora;0,573;0,5772;0,5655
313680 Juramento;0,4555;0,4633;0,4324
313690 Juruaia;0,4982;0,4429;0,6452
313695 Juvenília;...;0,5723;0,5434
313700 Ladainha;0,4429;0,5287;0,5624
313710 Lagamar;0,5508;0,5203;0,5023
313720 Lagoa da Prata;0,4905;0,5183;0,4607
313730 Lagoa dos Patos;0,504;0,4363;0,4421
313740 Lagoa Dourada;0,6085;0,5664;0,5345
313750 Lagoa Formosa;0,5299;0,4896;0,5019
313753 Lagoa Grande;...;0,5136;0,5023
313760 Lagoa Santa;0,6109;0,5602;0,5874
313770 Lajinha;0,5256;0,5516;0,5123
313780 Lambari;0,5759;0,5773;0,4933
313790 Lamim;0,4897;0,4541;0,4569
313800 Laranjal;0,5389;0,5342;0,5139
313810 Lassance;0,4769;0,5785;0,4577
313820 Lavras;0,5557;0,5717;0,5103
313830 Leandro Ferreira;0,5859;0,4648;0,4631
313835 Leme do Prado;...;0,4893;0,4129
313840 Leopoldina;0,5832;0,5567;0,504
313850 Liberdade;0,6379;0,5518;0,6065
313860 Lima Duarte;0,5677;0,5456;0,5921
313862 Limeira do Oeste;...;0,5568;0,4704
313865 Lontra;...;0,549;0,5135
313867 Luisburgo;...;0,6047;0,52
313868 Luislândia;...;0,4376;0,5867
313870 Luminárias;0,5022;0,6365;0,4085
313880 Luz;0,7007;0,6753;0,503
313890 Machacalis;0,6038;0,5327;0,4852
313900 Machado;0,5931;0,5702;0,5218
313910 Madre de Deus de Minas;0,6259;0,5399;0,5208
313920 Malacacheta;0,5446;0,6715;0,5399
313925 Mamonas;...;0,5341;0,4603
313930 Manga;0,6547;0,5776;0,6867
313940 Manhuaçu;0,5698;0,6;0,5063
313950 Manhumirim;0,5887;0,5393;0,4914
313960 Mantena;0,6321;0,6854;0,5233
313980 Mar de Espanha;0,5708;0,5557;0,404
313970 Maravilhas;0,6216;0,4824;0,3961
313990 Maria da Fé;0,5481;0,5952;0,4863
314000 Mariana;0,5939;0,5715;0,5116
314010 Marilac;0,5356;0,5612;0,4673
314015 Mário Campos;...;0,4756;0,4741
314020 Maripá de Minas;0,5081;0,6348;0,4235
314030 Marliéria;0,5624;0,5464;0,4115
314040 Marmelópolis;0,4164;0,5683;0,4586
314050 Martinho Campos;0,5147;0,5501;0,4535
314053 Martins Soares;...;0,4366;0,4046
314055 Mata Verde;...;0,5346;0,4761
314060 Materlândia;0,6142;0,5773;0,4798
314070 Mateus Leme;0,5157;0,5229;0,5137
317150 Mathias Lobato;0,6104;0,6029;0,5777
314080 Matias Barbosa;0,5565;0,51;0,497
314085 Matias Cardoso;...;0,5859;0,5709
314090 Matipó;0,5514;0,554;0,4889
314100 Mato Verde;0,5356;0,6174;0,4608
314110 Matozinhos;0,5011;0,5081;0,4415
314120 Matutina;0,5896;0,4937;0,5982
314130 Medeiros;0,5934;0,531;0,4673
314140 Medina;0,6203;0,5773;0,5871
314150 Mendes Pimentel;0,6007;0,6113;0,485
314160 Mercês;0,5488;0,5834;0,589
314170 Mesquita;0,4983;0,6037;0,4773
314180 Minas Novas;0,529;0,5326;0,5014
314190 Minduri;0,515;0,5464;0,4902
314200 Mirabela;0,5754;0,5827;0,4864
314210 Miradouro;0,6013;0,5272;0,5215
314220 Miraí;0,5815;0,5431;0,4561
314225 Miravânia;...;0,7186;0,4892
314230 Moeda;0,4838;0,4338;0,4385
314240 Moema;0,4449;0,4941;0,3857
314250 Monjolos;0,5737;0,6831;0,48
314260 Monsenhor Paulo;0,6503;0,5228;0,4054
314270 Montalvânia;0,6509;0,623;0,5439
314280 Monte Alegre de Minas;0,615;0,5691;0,4905
314290 Monte Azul;0,526;0,5766;0,5191
314300 Monte Belo;0,4277;0,4628;0,4575
314310 Monte Carmelo;0,5735;0,521;0,4979
314315 Monte Formoso;...;0,6477;0,5906
314320 Monte Santo de Minas;0,5656;0,5244;0,4233
314340 Monte Sião;0,5455;0,5293;0,4478
314330 Montes Claros;0,6139;0,6164;0,5391
314345 Montezuma;...;0,6653;0,4578
314350 Morada Nova de Minas;0,5561;0,5341;0,4569
314360 Morro da Garça;0,4783;0,5761;0,4732
314370 Morro do Pilar;0,506;0,6003;0,485
314380 Munhoz;0,4998;0,5892;0,4901
314390 Muriaé;0,6152;0,557;0,5167
314400 Mutum;0,5388;0,6212;0,496
314410 Muzambinho;0,5124;0,5603;0,4675
314420 Nacip Raydan;0,5474;0,5715;0,6059
314430 Nanuque;0,6118;0,6704;0,5149
314435 Naque;...;0,5386;0,4389
314437 Natalândia;...;0,5657;0,4083
314440 Natércia;0,4656;0,5984;0,4043
314450 Nazareno;0,4554;0,4899;0,4796
314460 Nepomuceno;0,6574;0,5709;0,4488
314465 Ninheira;...;0,5008;0,5275
314467 Nova Belém;...;0,7026;0,5147
314470 Nova Era;0,5336;0,5505;0,474
314480 Nova Lima;0,5603;0,6284;0,6914
314490 Nova Módica;0,6285;0,5858;0,5078
314500 Nova Ponte;0,5146;0,6048;0,5315
314505 Nova Porteirinha;...;0,6204;0,4077
314510 Nova Resende;0,5703;0,5029;0,4655
314520 Nova Serrana;0,4349;0,6135;0,3606
313660 Nova União;0,4832;0,5952;0,4223
314530 Novo Cruzeiro;0,5225;0,7495;0,5383
314535 Novo Oriente de Minas;...;0,601;0,5621
314537 Novorizonte;...;0,4674;0,4386
314540 Olaria;0,5594;0,5572;0,4222
314545 Olhos-d'Água;...;0,437;0,4617
314550 Olímpio Noronha;0,6329;0,4056;0,4065
314560 Oliveira;0,5636;0,5504;0,458
314570 Oliveira Fortes;0,4904;0,4961;0,4416
314580 Onça de Pitangui;0,4478;0,5124;0,4376
314585 Oratórios;...;0,3729;0,3952
314587 Orizânia;...;0,5381;0,5562
314590 Ouro Branco;0,5346;0,5549;0,5211
314600 Ouro Fino;0,5701;0,5369;0,4623
314610 Ouro Preto;0,5869;0,5622;0,5109
314620 Ouro Verde de Minas;0,5336;0,5168;0,5188
314625 Padre Carvalho;...;0,5811;0,4454
314630 Padre Paraíso;0,5015;0,6111;0,551
314655 Pai Pedro;...;0,5462;0,4678
314640 Paineiras;0,5508;0,4801;0,4626
314650 Pains;0,5635;0,4914;0,4676
314660 Paiva;0,4703;0,432;0,4476
314670 Palma;0,6001;0,5786;0,5087
314675 Palmópolis;...;0,6377;0,4627
314690 Papagaios;0,5923;0,6388;0,5014
314710 Pará de Minas;0,5624;0,573;0,4348
314700 Paracatu;0,5799;0,6052;0,5151
314720 Paraguaçu;0,5195;0,5509;0,4196
314730 Paraisópolis;0,5433;0,5344;0,4727
314740 Paraopeba;0,5148;0,5522;0,4568
314760 Passa Quatro;0,5823;0,5634;0,4928
314770 Passa Tempo;0,6534;0,7109;0,4979
314750 Passabém;0,5144;0,564;0,4183
314780 Passa-Vinte;0,4623;0,5383;0,4592
314790 Passos;0,5554;0,5429;0,4978
314795 Patis;...;0,5492;0,4725
314800 Patos de Minas;0,5874;0,5472;0,5078
314810 Patrocínio;0,5732;0,5971;0,4991
314820 Patrocínio do Muriaé;0,623;0,4291;0,4936
314830 Paula Cândido;0,5541;0,4621;0,4828
314840 Paulistas;0,5472;0,6667;0,5212
314850 Pavão;0,4893;0,5941;0,5296
314860 Peçanha;0,6514;0,6102;0,5304
314870 Pedra Azul;0,5764;0,6166;0,5473
314875 Pedra Bonita;...;0,6535;0,5082
314880 Pedra do Anta;0,5606;0,5552;0,5486
314890 Pedra do Indaiá;0,5179;0,4237;0,417
314900 Pedra Dourada;0,4358;0,4852;0,5455
314910 Pedralva;0,5643;0,5488;0,5591
314915 Pedras de Maria da Cruz;...;0,582;0,4679
314920 Pedrinópolis;0,4393;0,5904;0,4861
314930 Pedro Leopoldo;0,5646;0,5684;0,4761
314940 Pedro Teixeira;0,4904;0,4638;0,4185
314950 Pequeri;0,602;0,4896;0,443
314960 Pequi;0,5476;0,5952;0,4329
314970 Perdigão;0,4565;0,5061;0,3521
314980 Perdizes;0,6096;0,5599;0,5539
314990 Perdões;0,5192;0,52;0,5421
314995 Periquito;...;0,4707;0,4407
315000 Pescador;0,5114;0,5891;0,5331
315010 Piau;0,5505;0,4473;0,4228
315015 Piedade de Caratinga;...;0,4711;0,4673
315020 Piedade de Ponte Nova;0,6192;0,6293;0,3874
315030 Piedade do Rio Grande;0,5777;0,4987;0,4664
315040 Piedade dos Gerais;0,4401;0,4703;0,4856
315050 Pimenta;0,5335;0,5058;0,4547
315053 Pingo-d'Água;...;0,4502;0,4411
315057 Pintópolis;...;0,5428;0,5477
315060 Piracema;0,5499;0,5223;0,4425
315070 Pirajuba;0,4876;0,5182;0,5324
315080 Piranga;0,6051;0,5947;0,5215
315090 Piranguçu;0,6069;0,4192;0,4668
315100 Piranguinho;0,4903;0,4901;0,4333
315110 Pirapetinga;0,5105;0,5462;0,4774
315120 Pirapora;0,6199;0,6103;0,5515
315130 Piraúba;0,5299;0,5539;0,3714
315140 Pitangui;0,5167;0,528;0,4795
315150 Piumhi;0,5364;0,581;0,4741
315160 Planura;0,4689;0,5493;0,4409
315170 Poço Fundo;0,4969;0,4768;0,4505
315180 Poços de Caldas;0,5229;0,5611;0,5056
315190 Pocrane;0,4919;0,5902;0,4667
315200 Pompéu;0,5688;0,6352;0,5352
315210 Ponte Nova;0,6001;0,5777;0,5173
315213 Ponto Chique;...;0,6085;0,4594
315217 Ponto dos Volantes;...;0,5803;0,5371
315220 Porteirinha;0,5223;0,5495;0,5106
315230 Porto Firme;0,5012;0,4781;0,4663
315240 Poté;0,5432;0,5483;0,4834
315250 Pouso Alegre;0,5306;0,5716;0,4917
315260 Pouso Alto;0,5346;0,5229;0,6336
315270 Prados;0,5009;0,4709;0,4834
315280 Prata;0,5067;0,5881;0,5155
315290 Pratápolis;0,5463;0,4508;0,45
315300 Pratinha;0,5418;0,5373;0,5571
315310 Presidente Bernardes;0,6536;0,5203;0,4652
315320 Presidente Juscelino;0,5667;0,4983;0,4133
315330 Presidente Kubitschek;0,5047;0,4615;0,4664
315340 Presidente Olegário;0,4629;0,5148;0,4574
315360 Prudente de Morais;0,5223;0,4734;0,4285
315370 Quartel Geral;0,4805;0,5974;0,4738
315380 Queluzito;0,4702;0,5082;0,4657
315390 Raposos;0,4215;0,4339;0,5235
315400 Raul Soares;0,5858;0,6062;0,5153
315410 Recreio;0,7693;0,5683;0,4779
315415 Reduto;...;0,4501;0,5262
315420 Resende Costa;0,5355;0,5397;0,4852
315430 Resplendor;0,5349;0,5769;0,5531
315440 Ressaquinha;0,5072;0,5364;0,429
315445 Riachinho;...;0,6165;0,4904
315450 Riacho dos Machados;0,5951;0,6329;0,4462
315460 Ribeirão das Neves;0,4536;0,4483;0,408
315470 Ribeirão Vermelho;0,5524;0,5491;0,4373
315480 Rio Acima;0,4345;0,4596;0,4747
315490 Rio Casca;0,6365;0,6105;0,4741
315510 Rio do Prado;0,5257;0,6066;0,5025
315500 Rio Doce;0,5357;0,5286;0,4538
315520 Rio Espera;0,5762;0,5284;0,4858
315530 Rio Manso;0,4733;0,457;0,4371
315540 Rio Novo;0,5401;0,5895;0,478
315550 Rio Paranaíba;0,5428;0,4728;0,5104
315560 Rio Pardo de Minas;0,5071;0,5873;0,532
315570 Rio Piracicaba;0,6123;0,6071;0,4661
315580 Rio Pomba;0,5707;0,5686;0,4736
315590 Rio Preto;0,562;0,5665;0,5295
315600 Rio Vermelho;0,4986;0,5587;0,5642
315610 Ritápolis;0,4747;0,4753;0,4405
315620 Rochedo de Minas;0,5072;0,4534;0,3875
315630 Rodeiro;0,4555;0,4943;0,4623
315640 Romaria;0,5154;0,7106;0,5473
315645 Rosário da Limeira;...;0,562;0,4884
315650 Rubelita;0,4853;0,7067;0,5019
315660 Rubim;0,635;0,5812;0,4906
315670 Sabará;0,5431;0,4916;0,4693
315680 Sabinópolis;0,6147;0,5963;0,5231
315690 Sacramento;0,5705;0,5292;0,4481
315700 Salinas;0,5174;0,591;0,6637
315710 Salto da Divisa;0,7774;0,6247;0,5327
315720 Santa Bárbara;0,5207;0,5629;0,4839
315725 Santa Bárbara do Leste;...;0,4468;0,4405
315727 Santa Bárbara do Monte Verde;...;0,6002;0,5218
315730 Santa Bárbara do Tugúrio;0,5004;0,5858;0,4207
315733 Santa Cruz de Minas;...;0,4574;0,3938
315737 Santa Cruz de Salinas;...;0,7501;0,4961
315740 Santa Cruz do Escalvado;0,4992;0,5221;0,4597
315750 Santa Efigênia de Minas;0,4924;0,6319;0,4866
315760 Santa Fé de Minas;0,4353;0,5603;0,5377
315765 Santa Helena de Minas;...;0,5372;0,4983
315770 Santa Juliana;0,5902;0,5382;0,4463
315780 Santa Luzia;0,4685;0,4792;0,4495
315790 Santa Margarida;0,593;0,67;0,6193
315800 Santa Maria de Itabira;0,6255;0,575;0,4567
315810 Santa Maria do Salto;0,4672;0,5203;0,4477
315820 Santa Maria do Suaçuí;0,7275;0,6166;0,5459
315920 Santa Rita de Caldas;0,4287;0,5349;0,4322
315940 Santa Rita de Ibitipoca;0,4755;0,6119;0,5147
315930 Santa Rita de Jacutinga;0,5285;0,4946;0,4763
315935 Santa Rita de Minas;...;0,5427;0,4488
315950 Santa Rita do Itueto;0,5771;0,5353;0,45
315960 Santa Rita do Sapucaí;0,6108;0,5895;0,4942
315970 Santa Rosa da Serra;0,3898;0,3961;0,4704
315980 Santa Vitória;0,5694;0,5685;0,4711
315830 Santana da Vargem;0,5867;0,5472;0,4021
315840 Santana de Cataguases;0,4942;0,4908;0,4122
315850 Santana de Pirapama;0,5988;0,5386;0,4258
315860 Santana do Deserto;0,4608;0,4785;0,4672
315870 Santana do Garambéu;0,5445;0,5946;0,5441
315880 Santana do Jacaré;0,4775;0,4889;0,4176
315890 Santana do Manhuaçu;0,5545;0,4593;0,4831
315895 Santana do Paraíso;...;0,5192;0,4314
315900 Santana do Riacho;0,5426;0,5628;0,5293
315910 Santana dos Montes;0,4746;0,4954;0,4053
315990 Santo Antônio do Amparo;0,5704;0,5239;0,4365
316000 Santo Antônio do Aventureiro;0,4543;0,459;0,4255
316010 Santo Antônio do Grama;0,5907;0,5143;0,4238
316020 Santo Antônio do Itambé;0,5066;0,4931;0,4796
316030 Santo Antônio do Jacinto;0,5711;0,5936;0,5323
316040 Santo Antônio do Monte;0,5372;0,4972;0,4941
316045 Santo Antônio do Retiro;...;0,6031;0,5951
316050 Santo Antônio do Rio Abaixo;0,4231;0,5469;0,5286
316060 Santo Hipólito;0,5802;0,6171;0,5459
316070 Santos Dumont;0,5519;0,5441;0,5098
316080 São Bento Abade;0,4673;0,4868;0,4277
316090 São Brás do Suaçuí;0,5356;0,579;0,5402
316095 São Domingos das Dores;...;0,5356;0,4828
316100 São Domingos do Prata;0,5988;0,6151;0,4948
316105 São Félix de Minas;...;0,587;0,4679
316110 São Francisco;0,5235;0,6132;0,5575
316120 São Francisco de Paula;0,43;0,4907;0,3891
316130 São Francisco de Sales;0,5483;0,5772;0,5311
316140 São Francisco do Glória;0,5226;0,4871;0,4742
316150 São Geraldo;0,5575;0,5424;0,4168
316160 São Geraldo da Piedade;0,4618;0,5776;0,5563
316165 São Geraldo do Baixio;...;0,5351;0,4981
316170 São Gonçalo do Abaeté;0,4766;0,5506;0,4736
316180 São Gonçalo do Pará;0,4475;0,47;0,4079
316190 São Gonçalo do Rio Abaixo;0,572;0,5335;0,4787
312550 São Gonçalo do Rio Preto;0,4717;0,6038;0,4367
316200 São Gonçalo do Sapucaí;0,5882;0,5665;0,528
316210 São Gotardo;0,5685;0,7257;0,5173
316220 São João Batista do Glória;0,5662;0,5213;0,4537
316225 São João da Lagoa;...;0,6085;0,4877
316230 São João da Mata;0,5007;0,4604;0,4016
316240 São João da Ponte;0,4726;0,5555;0,4828
316245 São João das Missões;...;0,6884;0,5225
316250 São João del Rei;0,5823;0,5476;0,5258
316255 São João do Manhuaçu;...;0,6456;0,5878
316257 São João do Manteninha;...;0,5145;0,443
316260 São João do Oriente;0,5347;0,5081;0,4496
316265 São João do Pacuí;...;0,4905;0,6465
316270 São João do Paraíso;0,49;0,5175;0,4571
316280 São João Evangelista;0,6236;0,5997;0,5297
316290 São João Nepomuceno;0,5516;0,5015;0,4224
316292 São Joaquim de Bicas;...;0,5333;0,4538
316294 São José da Barra;...;0,5474;0,505
316295 São José da Lapa;...;0,4762;0,4483
316300 São José da Safira;0,6104;0,4946;0,4783
316310 São José da Varginha;0,4292;0,4834;0,4909
316320 São José do Alegre;0,5538;0,5432;0,4773
316330 São José do Divino;0,6127;0,591;0,5745
316340 São José do Goiabal;0,5569;0,4675;0,5289
316350 São José do Jacuri;0,5063;0,5069;0,4947
316360 São José do Mantimento;0,4725;0,6031;0,4919
316370 São Lourenço;0,6073;0,6403;0,517
316380 São Miguel do Anta;0,6435;0,5555;0,447
316390 São Pedro da União;0,4885;0,4927;0,4594
316410 São Pedro do Suaçuí;0,4108;0,5413;0,485
316400 São Pedro dos Ferros;0,5357;0,5376;0,4315
316420 São Romão;0,5547;0,6219;0,5301
316430 São Roque de Minas;0,4406;0,5337;0,4532
316440 São Sebastião da Bela Vista;0,5658;0,4352;0,4342
316443 São Sebastião da Vargem Alegre;...;0,5873;0,4217
316447 São Sebastião do Anta;...;0,4821;0,4555
316450 São Sebastião do Maranhão;0,4922;0,5894;0,5435
316460 São Sebastião do Oeste;0,4463;0,4832;0,4102
316470 São Sebastião do Paraíso;0,5416;0,535;0,4736
316480 São Sebastião do Rio Preto;0,6097;0,4405;0,5052
316490 São Sebastião do Rio Verde;0,585;0,6957;0,4263
316520 São Thomé das Letras;0,5626;0,5479;0,4017
316500 São Tiago;0,5498;0,5096;0,4477
316510 São Tomás de Aquino;0,4699;0,4575;0,4319
316530 São Vicente de Minas;0,6443;0,6018;0,5282
316540 Sapucaí-Mirim;0,4532;0,5216;0,4466
316550 Sardoá;0,5611;0,5824;0,4984
316553 Sarzedo;...;0,4459;0,4641
316556 Sem-Peixe;...;0,5291;0,4442
316557 Senador Amaral;...;0,6218;0,4573
316560 Senador Cortes;0,4971;0,442;0,5846
316570 Senador Firmino;0,614;0,4945;0,4386
316580 Senador José Bento;0,5025;0,5213;0,4012
316590 Senador Modestino Gonçalves;0,5078;0,6738;0,4339
316600 Senhora de Oliveira;0,5274;0,524;0,4529
316610 Senhora do Porto;0,511;0,5612;0,476
316620 Senhora dos Remédios;0,4618;0,5724;0,4464
316630 Sericita;0,633;0,6537;0,4523
316640 Seritinga;0,5001;0,4522;0,4284
316650 Serra Azul de Minas;0,5893;0,5823;0,5483
316660 Serra da Saudade;0,3693;0,5811;0,3792
316680 Serra do Salitre;0,5349;0,5402;0,5316
316670 Serra dos Aimorés;0,5951;0,5424;0,5723
316690 Serrania;0,5187;0,4637;0,4491
316695 Serranópolis de Minas;...;0,4383;0,5356
316700 Serranos;0,5027;0,4759;0,5075
316710 Serro;0,6374;0,6742;0,6597
316720 Sete Lagoas;0,5672;0,5758;0,5353
316555 Setubinha;...;0,5435;0,549
316730 Silveirânia;0,5512;0,4885;0,4107
316740 Silvianópolis;0,5362;0,5095;0,4721
316750 Simão Pereira;0,4582;0,5017;0,5141
316760 Simonésia;0,5065;0,5623;0,5094
316770 Sobrália;0,5729;0,5052;0,4885
316780 Soledade de Minas;0,5569;0,4426;0,4544
316790 Tabuleiro;0,5085;0,5504;0,456
316800 Taiobeiras;0,569;0,6014;0,5166
316805 Taparuba;...;0,5201;0,3994
316810 Tapira;0,5034;0,4551;0,5532
316820 Tapiraí;0,4393;0,4379;0,4552
316830 Taquaraçu de Minas;0,6428;0,5129;0,4547
316840 Tarumirim;0,5649;0,6176;0,4812
316850 Teixeiras;0,541;0,5987;0,5609
316860 Teófilo Otoni;0,6342;0,6073;0,5853
316870 Timóteo;0,5266;0,5335;0,4893
316880 Tiradentes;0,479;0,5642;0,5748
316890 Tiros;0,5724;0,4806;0,5427
316900 Tocantins;0,6251;0,5414;0,4237
316905 Tocos do Moji;...;0,4816;0,4184
316910 Toledo;0,5235;0,5689;0,4013
316920 Tombos;0,5778;0,5057;0,5328
316930 Três Corações;0,5785;0,5689;0,5655
316935 Três Marias;0,5135;0,5302;0,5297
316940 Três Pontas;0,5608;0,5581;0,5126
316950 Tumiritinga;0,7275;0,5158;0,4635
316960 Tupaciguara;0,6264;0,5995;0,5047
316970 Turmalina;0,5387;0,5648;0,5058
316980 Turvolândia;0,4669;0,468;0,4949
316990 Ubá;0,5497;0,5481;0,5044
317000 Ubaí;0,5504;0,6379;0,4951
317005 Ubaporanga;...;0,5767;0,4113
317010 Uberaba;0,5401;0,5663;0,5052
317020 Uberlândia;0,5296;0,5639;0,5122
317030 Umburatiba;0,4164;0,5276;0,4973
317040 Unaí;0,5884;0,7024;0,5347
317043 União de Minas;...;0,5577;0,4588
317047 Uruana de Minas;...;0,5235;0,5361
317050 Urucânia;0,5541;0,5204;0,4131
317052 Urucuia;...;0,6348;0,4704
317057 Vargem Alegre;...;0,499;0,4994
317060 Vargem Bonita;0,4704;0,4696;0,3889
317065 Vargem Grande do Rio Pardo;...;0,5804;0,4576
317070 Varginha;0,6043;0,5643;0,5186
317075 Varjão de Minas;...;0,4546;0,4042
317080 Várzea da Palma;0,5555;0,5823;0,47
317090 Varzelândia;0,5439;0,6201;0,5144
317100 Vazante;0,537;0,5806;0,4606
317103 Verdelândia;...;0,5176;0,4558
317107 Veredinha;...;0,4906;0,4346
317110 Veríssimo;0,5561;0,5652;0,5029
317115 Vermelho Novo;...;0,5195;0,5316
317120 Vespasiano;0,4964;0,5292;0,438
317130 Viçosa;0,5955;0,6101;0,5628
317140 Vieiras;0,4727;0,5173;0,4314
317160 Virgem da Lapa;0,4929;0,6055;0,4999
317170 Virgínia;0,5256;0,5341;0,4741
317180 Virginópolis;0,6033;0,5701;0,4983
317190 Virgolândia;0,6094;0,5977;0,5019
317200 Visconde do Rio Branco;0,6049;0,5555;0,4941
317210 Volta Grande;0,5842;0,5758;0,523
317220 Wenceslau Braz;0,5385;0,6224;0,436
Total;0,6188;0,6159;0,5634
Fonte: IBGE/Censos Demográficos 1991, 2000 e 2010;;;
